window,connection_count,duration,orig_bytes,resp_bytes,orig_pkts,resp_pkts,orig_ip_bytes,resp_ip_bytes,missed_bytes,unique_dst_ports,failed_connection_ratio,mean_interarrival,std_interarrival,interarrival_cv,rst_ratio,run_id,label
1788946594,2,0.0114005,166.0,5958.0,11,4,630,6000,0,1,0.0,0.46746301651000977,0.0,0.0,0.0,benign_mixed,BENIGN
1788946595,3,0.009924333333333334,249.0,8937.0,16,6,925,9000,0,1,0.0,0.33066797256469727,0.10360503196716309,0.3133204318627868,0.0,benign_mixed,BENIGN
1788946596,3,0.012079333333333333,249.0,8937.0,15,6,885,9000,0,1,0.0,0.42577803134918213,0.06791508197784424,0.159508187312151,0.0,benign_mixed,BENIGN
1788946597,3,0.028091,249.0,8937.0,16,6,925,9000,0,1,0.0,0.3596315383911133,0.16198062896728516,0.45040718534291874,0.0,benign_mixed,BENIGN
1788946598,2,0.039579500000000004,166.0,5958.0,10,4,590,6000,0,1,0.0,0.532008171081543,0.0,0.0,0.0,benign_mixed,BENIGN
1788946599,3,0.007312333333333334,249.0,8937.0,15,6,885,9000,0,1,0.0,0.224853515625,0.03885054588317871,0.17278158082247558,0.0,benign_mixed,BENIGN
1788946600,2,0.006971499999999999,166.0,5958.0,10,4,590,6000,0,1,0.0,0.29294300079345703,0.0,0.0,0.0,benign_mixed,BENIGN
1788946601,3,0.019261,249.0,8937.0,16,6,925,9000,0,1,0.0,0.4242304563522339,0.06667840480804443,0.15717495952879462,0.0,benign_mixed,BENIGN
1788946602,3,0.014615333333333333,249.0,8937.0,15,6,885,9000,0,1,0.0,0.3195539712905884,0.14777696132659912,0.46244758195233704,0.0,benign_mixed,BENIGN
1788946603,2,0.0185015,166.0,5958.0,11,4,630,6000,0,1,0.0,0.33542609214782715,0.0,0.0,0.0,benign_mixed,BENIGN
1788946604,3,0.029320666666666665,249.0,8937.0,15,6,885,9000,0,1,0.0,0.4024595022201538,0.1060563325881958,0.26352050828254703,0.0,benign_mixed,BENIGN
1788946605,2,0.00594,166.0,5958.0,12,4,670,6000,0,1,0.0,0.4739668369293213,0.0,0.0,0.0,benign_mixed,BENIGN
1788946606,4,0.00526875,332.0,11916.0,22,8,1260,12000,0,1,0.0,0.3001856803894043,0.11285597697033861,0.3759538990132392,0.0,benign_mixed,BENIGN
1788946607,3,0.012721999999999999,249.0,8937.0,16,6,925,9000,0,1,0.0,0.22533106803894043,0.017479896545410156,0.0775742852396607,0.0,benign_mixed,BENIGN
1788946608,3,0.016421,249.0,8937.0,15,6,885,9000,0,1,0.0,0.2236499786376953,0.03378796577453613,0.15107520233333618,0.0,benign_mixed,BENIGN
1788946609,3,0.014486333333333335,249.0,8937.0,18,6,1005,9000,0,1,0.0,0.43697643280029297,0.0989844799041748,0.22652132351817864,0.0,benign_mixed,BENIGN
1788946610,2,0.0036680000000000003,166.0,5958.0,11,4,630,6000,0,1,0.0,0.4516880512237549,0.0,0.0,0.0,benign_mixed,BENIGN
1788946611,2,0.0012775,166.0,5958.0,10,4,590,6000,0,1,0.0,0.46965599060058594,0.0,0.0,0.0,benign_mixed,BENIGN
1788946612,2,0.0063170000000000006,166.0,5958.0,11,4,630,6000,0,1,0.0,0.4022068977355957,0.0,0.0,0.0,benign_mixed,BENIGN
1788946613,3,0.008853999999999999,249.0,8937.0,15,6,885,9000,0,1,0.0,0.27228403091430664,0.05339789390563965,0.19611100117158564,0.0,benign_mixed,BENIGN
1788946614,4,0.003917,332.0,11916.0,21,8,1220,12000,0,1,0.0,0.29122201601664227,0.05747333298358035,0.19735229420393807,0.0,benign_mixed,BENIGN
1788946615,2,0.026702999999999998,166.0,5958.0,10,4,590,6000,0,1,0.0,0.4917299747467041,0.0,0.0,0.0,benign_mixed,BENIGN
1788946616,3,0.02759666666666667,249.0,8937.0,16,6,925,9000,0,1,0.0,0.2376474142074585,0.0034984350204467773,0.014721115447916286,0.0,benign_mixed,BENIGN
1788946617,2,0.030273500000000002,166.0,5958.0,11,4,630,6000,0,1,0.0,0.42967796325683594,0.0,0.0,0.0,benign_mixed,BENIGN
1788946618,3,0.017951666666666668,249.0,8937.0,16,6,925,9000,0,1,0.0,0.3351324796676636,0.027791619300842285,0.08292726305848372,0.0,benign_mixed,BENIGN
1788946619,4,0.0031072499999999998,332.0,11916.0,21,8,1220,12000,0,1,0.0,0.24634337425231934,0.12909270890744742,0.5240356445520759,0.0,benign_mixed,BENIGN
1788946620,3,0.021879333333333334,249.0,8937.0,15,6,885,9000,0,1,0.0,0.23232698440551758,0.09544587135314941,0.4108255939247781,0.0,benign_mixed,BENIGN
1788946621,3,0.007385333333333333,249.0,8937.0,15,6,885,9000,0,1,0.0,0.33157050609588623,0.20751845836639404,0.6258652520389801,0.0,benign_mixed,BENIGN
1788946622,5,0.0036880000000000003,415.0,14895.0,29,9,1635,14960,0,1,0.0,0.21085125207901,0.08867077095260345,0.4205370851645539,0.0,benign_mixed,BENIGN
1788946623,2,0.015820999999999998,166.0,5958.0,10,4,590,6000,0,1,0.0,0.4330251216888428,0.0,0.0,0.0,benign_mixed,BENIGN
1788946624,3,0.006613,249.0,8937.0,15,6,885,9000,0,1,0.0,0.32138097286224365,0.14869701862335205,0.46268146274822985,0.0,benign_mixed,BENIGN
1788946625,4,0.013974,332.0,11916.0,20,8,1180,12000,0,1,0.0,0.23455500602722168,0.1117205761499227,0.4763086409545946,0.0,benign_mixed,BENIGN
1788946626,4,0.009374,332.0,11916.0,21,8,1220,12000,0,1,0.0,0.280288298924764,0.05484614306040026,0.195677605061645,0.0,benign_mixed,BENIGN
1788946627,4,0.01548075,332.0,11916.0,21,8,1220,12000,0,1,0.0,0.2647703488667806,0.057989718802338774,0.21901893112478524,0.0,benign_mixed,BENIGN
1788946628,2,0.0122735,166.0,5958.0,10,4,590,6000,0,1,0.0,0.47138094902038574,0.0,0.0,0.0,benign_mixed,BENIGN
1788946629,3,0.019234333333333332,249.0,8937.0,15,6,885,9000,0,1,0.0,0.33177006244659424,0.03123605251312256,0.09414970200378069,0.0,benign_mixed,BENIGN
1788946630,2,0.017777,166.0,5958.0,10,4,590,6000,0,1,0.0,0.4237020015716553,0.0,0.0,0.0,benign_mixed,BENIGN
1788946631,3,0.007881,249.0,8937.0,15,6,885,9000,0,1,0.0,0.28954005241394043,0.009956121444702148,0.03438599033776645,0.0,benign_mixed,BENIGN
1788946632,3,0.017920666666666665,249.0,8937.0,15,6,885,9000,0,1,0.0,0.4220770597457886,0.13795888423919678,0.32685710121816997,0.0,benign_mixed,BENIGN
1788946633,3,0.009932,249.0,8937.0,15,6,885,9000,0,1,0.0,0.4185919761657715,0.0471339225769043,0.11260111340079353,0.0,benign_mixed,BENIGN
1788946634,3,0.004257666666666667,249.0,8937.0,15,6,885,9000,0,1,0.0,0.23840546607971191,0.06581258773803711,0.27605318292506087,0.0,benign_mixed,BENIGN
1788946635,2,0.039174,166.0,5958.0,10,4,590,6000,0,1,0.0,0.2515900135040283,0.0,0.0,0.0,benign_mixed,BENIGN
1788946636,3,0.026074,249.0,8937.0,17,6,965,9000,0,1,0.0,0.34295904636383057,0.12137091159820557,0.35389330850147155,0.0,benign_mixed,BENIGN
1788946637,2,0.001979,166.0,5958.0,10,4,590,6000,0,1,0.0,0.3562760353088379,0.0,0.0,0.0,benign_mixed,BENIGN
1788946638,4,0.01787675,332.0,11916.0,21,8,1220,12000,0,1,0.0,0.3026900291442871,0.025796829795443364,0.08522523807068141,0.0,benign_mixed,BENIGN
1788946639,2,0.001469,166.0,5958.0,11,4,630,6000,0,1,0.0,0.3138408660888672,0.0,0.0,0.0,benign_mixed,BENIGN
1788946640,3,0.012871333333333332,249.0,8937.0,15,6,885,9000,0,1,0.0,0.39450955390930176,0.10202455520629883,0.25861111396494696,0.0,benign_mixed,BENIGN
1788946641,3,0.013308333333333333,249.0,8937.0,15,6,885,9000,0,1,0.0,0.29576992988586426,0.10301089286804199,0.34828047904597076,0.0,benign_mixed,BENIGN
1788946642,2,0.029129,166.0,5958.0,10,4,590,6000,0,1,0.0,0.318356990814209,0.0,0.0,0.0,benign_mixed,BENIGN
1788946643,3,0.018183,249.0,8937.0,15,6,885,9000,0,1,0.0,0.4105755090713501,0.12931358814239502,0.3149568965642391,0.0,benign_mixed,BENIGN
1788946644,2,0.020862500000000003,166.0,5958.0,11,4,630,6000,0,1,0.0,0.43619704246520996,0.0,0.0,0.0,benign_mixed,BENIGN
1788946645,2,0.0257585,166.0,5958.0,12,4,670,6000,0,1,0.0,0.3899829387664795,0.0,0.0,0.0,benign_mixed,BENIGN
1788946646,3,0.012984999999999998,249.0,8937.0,15,6,885,9000,0,1,0.0,0.4731709957122803,0.042179107666015625,0.08914136337228784,0.0,benign_mixed,BENIGN
1788946647,3,0.015404,249.0,8937.0,15,6,885,9000,0,1,0.0,0.287353515625,0.08881449699401855,0.3090774678738318,0.0,benign_mixed,BENIGN
1788946648,2,0.0015934999999999999,166.0,5958.0,10,4,590,6000,0,1,0.0,0.29229307174682617,0.0,0.0,0.0,benign_mixed,BENIGN
1788946649,4,0.00852075,332.0,11916.0,21,8,1220,12000,0,1,0.0,0.18024126688639322,0.006772806281747069,0.03757633531291142,0.0,benign_mixed,BENIGN
1788946650,3,0.010696000000000002,249.0,8937.0,16,6,925,9000,0,1,0.0,0.46311891078948975,0.0094069242477417,0.02031211429415718,0.0,benign_mixed,BENIGN
1788946651,3,0.004154333333333334,249.0,8937.0,15,6,885,9000,0,1,0.0,0.3306410312652588,0.13857698440551758,0.41911611476418165,0.0,benign_mixed,BENIGN
1788946652,3,0.007666,249.0,8937.0,16,6,925,9000,0,1,0.0,0.3135855197906494,0.13712263107299805,0.4372734785858145,0.0,benign_mixed,BENIGN
1788946653,3,0.016653333333333332,249.0,8937.0,15,6,885,9000,0,1,0.0,0.34492945671081543,0.145857572555542,0.4228620366216712,0.0,benign_mixed,BENIGN
1788946654,2,0.026122,166.0,5958.0,10,4,590,6000,0,1,0.0,0.19604086875915527,0.0,0.0,0.0,benign_mixed,BENIGN
1788946655,2,0.0277945,166.0,5958.0,10,4,590,6000,0,1,0.0,0.574774980545044,0.0,0.0,0.0,benign_mixed,BENIGN
1788946656,3,0.009132,249.0,8937.0,15,6,885,9000,0,1,0.0,0.3115140199661255,0.10328114032745361,0.33154572092352236,0.0,benign_mixed,BENIGN
1788946657,3,0.023078666666666667,249.0,8937.0,16,6,925,9000,0,1,0.0,0.3369719982147217,0.11008715629577637,0.32669526512297264,0.0,benign_mixed,BENIGN
1788946658,2,0.006125,166.0,5958.0,12,4,670,6000,0,1,0.0,0.30024194717407227,0.0,0.0,0.0,benign_mixed,BENIGN
1788946659,3,0.015931666666666667,249.0,8937.0,15,6,885,9000,0,1,0.0,0.3370410203933716,0.14164698123931885,0.4202662959956566,0.0,benign_mixed,BENIGN
1788946660,4,0.0185515,332.0,11916.0,20,8,1180,12000,0,1,0.0,0.2965649763743083,0.10068221539382395,0.33949462483644155,0.0,benign_mixed,BENIGN
1788946661,3,0.008128333333333333,249.0,8937.0,15,6,885,9000,0,1,0.0,0.26914453506469727,0.04956960678100586,0.18417467316990205,0.0,benign_mixed,BENIGN
1788946662,3,0.0014183333333333333,249.0,8937.0,16,6,925,9000,0,1,0.0,0.2966519594192505,0.11650002002716064,0.39271616562125655,0.0,benign_mixed,BENIGN
1788946663,4,0.011776249999999999,332.0,11916.0,20,8,1180,12000,0,1,0.0,0.21499236424763998,0.019726374444533432,0.09175383746099705,0.0,benign_mixed,BENIGN
1788946664,3,0.014198999999999998,249.0,8937.0,16,6,925,9000,0,1,0.0,0.2752734422683716,0.028137564659118652,0.10221677916784494,0.0,benign_mixed,BENIGN
1788946665,2,0.016719,166.0,5958.0,11,4,630,6000,0,1,0.0,0.4041411876678467,0.0,0.0,0.0,benign_mixed,BENIGN
1788946666,3,0.018899333333333334,249.0,8937.0,16,6,925,9000,0,1,0.0,0.27126646041870117,0.008362531661987305,0.0308277390764774,0.0,benign_mixed,BENIGN
1788946667,3,0.010664666666666668,249.0,8937.0,16,6,925,9000,0,1,0.0,0.38053643703460693,0.11470043659210205,0.3014177498636508,0.0,benign_mixed,BENIGN
1788946668,2,0.0038469999999999997,166.0,5958.0,10,4,590,6000,0,1,0.0,0.49112701416015625,0.0,0.0,0.0,benign_mixed,BENIGN
1788946669,5,0.0105978,415.0,14895.0,26,10,1515,15000,0,1,0.0,0.19914329051971436,0.05315146696465321,0.26690061626450545,0.0,benign_mixed,BENIGN
1788946670,4,0.00995775,332.0,11916.0,22,8,1260,12000,0,1,0.0,0.29995067914326984,0.05920421966635295,0.19737984869864011,0.0,benign_mixed,BENIGN
1788946671,2,0.0431025,166.0,5958.0,11,4,630,6000,0,1,0.0,0.4724390506744385,0.0,0.0,0.0,benign_mixed,BENIGN
1788946672,2,0.003357,166.0,5958.0,10,4,590,6000,0,1,0.0,0.516599178314209,0.0,0.0,0.0,benign_mixed,BENIGN
1788946673,3,0.012764666666666665,249.0,8937.0,16,6,925,9000,0,1,0.0,0.3880394697189331,0.025858521461486816,0.0666388949562703,0.0,benign_mixed,BENIGN
1788946674,4,0.010291749999999999,332.0,11916.0,21,8,1220,12000,0,1,0.0,0.27603769302368164,0.11622004724270485,0.421029628126671,0.0,benign_mixed,BENIGN
1788946675,3,0.009682333333333333,249.0,8937.0,15,6,885,9000,0,1,0.0,0.3380659818649292,0.12636196613311768,0.37377900442998224,0.0,benign_mixed,BENIGN
1788946676,2,0.014180000000000002,166.0,5958.0,10,4,590,6000,0,1,0.0,0.49461913108825684,0.0,0.0,0.0,benign_mixed,BENIGN
1788946677,4,0.021705,332.0,11916.0,20,8,1180,12000,0,1,0.0,0.24947969118754068,0.1253647745085882,0.5025049290058168,0.0,benign_mixed,BENIGN
1788946678,4,0.027021,332.0,11916.0,21,8,1220,12000,0,1,0.0,0.2764846483866374,0.08353462295249718,0.3021311434104724,0.0,benign_mixed,BENIGN
1788946679,4,0.019359249999999998,332.0,11916.0,21,8,1220,12000,0,1,0.0,0.2766076723734538,0.05310723710004798,0.19199480854727263,0.0,benign_mixed,BENIGN
1788946680,3,0.007132333333333333,249.0,8937.0,16,6,925,9000,0,1,0.0,0.28167498111724854,0.011463046073913574,0.04069600370059855,0.0,benign_mixed,BENIGN
1788946681,3,0.009934333333333333,249.0,8937.0,15,6,885,9000,0,1,0.0,0.3846534490585327,0.06246340274810791,0.1623887759254249,0.0,benign_mixed,BENIGN
1788946682,2,0.008547500000000001,166.0,5958.0,10,4,590,6000,0,1,0.0,0.38991212844848633,0.0,0.0,0.0,benign_mixed,BENIGN
1788946683,3,0.004047666666666667,249.0,8937.0,16,6,925,9000,0,1,0.0,0.31250250339508057,0.1265014410018921,0.40480136839724107,0.0,benign_mixed,BENIGN
1788946684,3,0.017253,249.0,8937.0,15,6,885,9000,0,1,0.0,0.26392149925231934,0.0925436019897461,0.35064821263867846,0.0,benign_mixed,BENIGN
1788946685,3,0.022264000000000003,249.0,8937.0,17,6,965,9000,0,1,0.0,0.2545344829559326,0.08356046676635742,0.3282874123614292,0.0,benign_mixed,BENIGN
1788946686,3,0.00578,249.0,8937.0,16,6,925,9000,0,1,0.0,0.26658594608306885,0.15393197536468506,0.5774196938225673,0.0,benign_mixed,BENIGN
1788946687,3,0.020940666666666666,249.0,8937.0,16,6,925,9000,0,1,0.0,0.3691229820251465,0.03333091735839844,0.09029759451858722,0.0,benign_mixed,BENIGN
1788946688,4,0.01215025,332.0,11916.0,21,8,1220,12000,0,1,0.0,0.2910583019256592,0.11055172540091998,0.3798267380435574,0.0,benign_mixed,BENIGN
1788946689,3,0.021760333333333336,249.0,8937.0,16,6,925,9000,0,1,0.0,0.18809854984283447,0.007273554801940918,0.03866885102526483,0.0,benign_mixed,BENIGN
1788946690,3,0.001345,249.0,8937.0,16,6,925,9000,0,1,0.0,0.3046700954437256,0.09294295310974121,0.3050609643010019,0.0,benign_mixed,BENIGN
1788946691,3,0.0016519999999999998,249.0,8937.0,15,6,885,9000,0,1,0.0,0.34182703495025635,0.03331911563873291,0.09747361159886492,0.0,benign_mixed,BENIGN
1788946692,3,0.0014626666666666666,249.0,8937.0,16,6,925,9000,0,1,0.0,0.3978379964828491,0.060902953147888184,0.15308480760085902,0.0,benign_mixed,BENIGN
1788946693,2,0.002616,166.0,5958.0,11,4,630,6000,0,1,0.0,0.40189290046691895,0.0,0.0,0.0,benign_mixed,BENIGN
1788946694,3,0.021007666666666664,249.0,8937.0,15,6,885,9000,0,1,0.0,0.3040165901184082,0.07761645317077637,0.25530334755924455,0.0,benign_mixed,BENIGN
1788946695,2,0.01866,166.0,5958.0,10,4,590,6000,0,1,0.0,0.5177919864654541,0.0,0.0,0.0,benign_mixed,BENIGN
1788946696,3,0.012419666666666667,249.0,8937.0,16,6,925,9000,0,1,0.0,0.3053779602050781,0.039235830307006836,0.1284828488626285,0.0,benign_mixed,BENIGN
1788946697,2,0.0013195,166.0,5958.0,10,4,590,6000,0,1,0.0,0.13118195533752441,0.0,0.0,0.0,benign_mixed,BENIGN
1788946771,4,78.93751825,938.0,0.0,19,0,1623,0,0,4,0.75,0.002937952677408854,0.002099975617185406,0.7147751675283935,0.0,benign_mixed,BENIGN
1788947071,3,5.021713666666667,938.0,0.0,9,0,1223,0,0,3,1.0,0.0022045373916625977,0.0014775991439819336,0.6702536094738549,0.0,benign_mixed,BENIGN
1788947104,1,103.516895,6400.0,6400.0,200,200,12000,12000,0,1,0.0,0.0,0.0,0.0,0.0,benign_mixed,BENIGN
1788947170,1,45.529454,417.0,0.0,2,0,473,0,0,1,1.0,0.0,0.0,0.0,0.0,benign_mixed,BENIGN
1788947305,4,4.68971925,1480.0,0.0,27,0,2337,0,0,2,0.75,0.00029238065083821613,0.00024754924513913096,0.8466676725338713,0.0,benign_mixed,BENIGN
1788947306,3,0.0,0.0,0.0,3,0,185,0,0,1,1.0,0.00043892860412597656,0.00012302398681640625,0.28028245518739814,0.0,benign_mixed,BENIGN
1788947307,2,0.0,0.0,0.0,2,0,129,0,0,1,1.0,0.001112222671508789,0.0,0.0,0.0,benign_mixed,BENIGN
1788947309,3,0.0,0.0,0.0,3,0,168,0,0,1,1.0,0.000502467155456543,0.00024259090423583984,0.48279952550415184,0.0,benign_mixed,BENIGN
1788947312,4,0.0,0.0,0.0,4,0,258,0,0,1,1.0,0.11759098370869954,0.16572239794592006,1.4093121149190597,0.0,benign_mixed,BENIGN
1788947314,2,0.0,0.0,0.0,2,0,112,0,0,1,1.0,0.00041294097900390625,0.0,0.0,0.0,benign_mixed,BENIGN
1788947315,2,0.0,0.0,0.0,2,0,129,0,0,1,1.0,0.0006940364837646484,0.0,0.0,0.0,benign_mixed,BENIGN
1788947317,3,0.0,0.0,0.0,3,0,168,0,0,1,1.0,0.00044906139373779297,7.402896881103516e-05,0.16485266790549508,0.0,benign_mixed,BENIGN
1788947319,3,0.0,0.0,0.0,3,0,185,0,0,1,1.0,0.00037097930908203125,0.0001430511474609375,0.3856041131105398,0.0,benign_mixed,BENIGN
1788947322,3,0.0,0.0,0.0,3,0,185,0,0,1,1.0,0.00046193599700927734,9.310245513916016e-05,0.2015483870967742,0.0,benign_mixed,BENIGN
1788947324,3,0.0,0.0,0.0,3,0,185,0,0,1,1.0,0.0003190040588378906,9.489059448242188e-05,0.2974588938714499,0.0,benign_mixed,BENIGN
1788947371,4,3.87949025,938.0,0.0,14,0,1423,0,0,4,0.75,0.0024643739064534507,0.0014961648288519494,0.607117623236452,0.0,benign_mixed,BENIGN
1788947671,4,3.8683925,938.0,0.0,14,0,1423,0,0,4,0.75,0.002360661824544271,0.001685210793252676,0.7138721759005054,0.0,benign_mixed,BENIGN
1788947757,3,0.0,0.0,0.0,3,0,185,0,0,1,1.0,0.11175405979156494,0.009907841682434082,0.08865755482094721,0.0,benign_mixed,BENIGN
1788947758,6,0.0,0.0,0.0,6,0,370,0,0,1,1.0,0.07593235969543458,0.14892682075920927,1.9613090039155399,0.0,benign_mixed,BENIGN
1788947759,3,0.0,0.0,0.0,3,0,185,0,0,1,1.0,0.0016829967498779297,0.0008809566497802734,0.5234452472021532,0.0,benign_mixed,BENIGN
1788947772,3,0.0,0.0,0.0,3,0,185,0,0,1,1.0,0.0012630224227905273,0.0006068944931030273,0.48050967437470504,0.0,benign_mixed,BENIGN
1788947773,3,0.0,0.0,0.0,3,0,185,0,0,1,1.0,0.0012809038162231445,0.0006660223007202148,0.5199627733829688,0.0,benign_mixed,BENIGN
1788947774,6,0.0,0.0,0.0,6,0,370,0,0,1,1.0,0.12171082496643067,0.2409113489219978,1.9793748747364428,0.0,benign_mixed,BENIGN
1788947775,3,0.0,0.0,0.0,3,0,185,0,0,1,1.0,0.0015565156936645508,0.0008233785629272461,0.528988282147507,0.0,benign_mixed,BENIGN
1788947776,6,0.0,0.0,0.0,6,0,370,0,0,1,1.0,0.06920280456542968,0.13568811412662926,1.960731432471631,0.0,benign_mixed,BENIGN
1788947777,6,0.0,0.0,0.0,6,0,370,0,0,1,1.0,0.09546318054199218,0.1883687387539927,1.9732082849589678,0.0,benign_mixed,BENIGN
1788947778,3,0.0,0.0,0.0,3,0,185,0,0,1,1.0,0.0013549327850341797,0.0006620883941650391,0.4886503607249692,0.0,benign_mixed,BENIGN
1788947779,3,0.0,0.0,0.0,3,0,185,0,0,1,1.0,0.0012259483337402344,0.0005979537963867188,0.48774795799299886,0.0,benign_mixed,BENIGN
1788947780,3,0.0,0.0,0.0,3,0,185,0,0,1,1.0,0.0011839866638183594,0.000637054443359375,0.5380587998389046,0.0,benign_mixed,BENIGN
1788947781,3,0.0,0.0,0.0,3,0,185,0,0,1,1.0,0.0012359619140625,0.0007290840148925781,0.589891975308642,0.0,benign_mixed,BENIGN
1788947782,3,0.0,0.0,0.0,3,0,185,0,0,1,1.0,0.0014295578002929688,0.0004935264587402344,0.34523015343562374,0.0,benign_mixed,BENIGN
1788947783,6,0.0,0.0,0.0,6,0,370,0,0,1,1.0,0.14460039138793945,0.2839636090100305,1.9637817455708129,0.0,benign_mixed,BENIGN
1788947784,3,0.0,0.0,0.0,3,0,185,0,0,1,1.0,0.0021724700927734375,0.0015075206756591797,0.693920105355575,0.0,benign_mixed,BENIGN
1788947785,3,0.0,0.0,0.0,3,0,185,0,0,1,1.0,0.0020160675048828125,0.0009069442749023438,0.4498580889309366,0.0,benign_mixed,BENIGN
1788947786,3,0.0,0.0,0.0,3,0,185,0,0,1,1.0,0.0020405054092407227,0.001013636589050293,0.4967576093941695,0.0,benign_mixed,BENIGN
1788947787,6,0.0,0.0,0.0,6,0,370,0,0,1,1.0,0.09237518310546874,0.1798379285517709,1.9468208073421855,0.0,benign_mixed,BENIGN
1788947788,6,0.0,0.0,0.0,6,0,370,0,0,1,1.0,0.06987142562866211,0.13492860439544127,1.9310984881363564,0.0,benign_mixed,BENIGN
1788947789,3,0.0,0.0,0.0,3,0,185,0,0,1,1.0,0.0016515254974365234,0.0003325939178466797,0.20138588133391078,0.0,benign_mixed,BENIGN
1788947790,3,0.0,0.0,0.0,3,0,185,0,0,1,1.0,0.0028024911880493164,0.0013736486434936523,0.49015270747373346,0.0,benign_mixed,BENIGN
1788947791,3,0.0,0.0,0.0,3,0,185,0,0,1,1.0,0.0019130706787109375,0.0011920928955078125,0.6231306081754736,0.0,benign_mixed,BENIGN
1788947792,3,0.0,0.0,0.0,3,0,185,0,0,1,1.0,0.0022774934768676758,0.0014396905899047852,0.6321381837215388,0.0,benign_mixed,BENIGN
1788947793,6,0.0,0.0,0.0,6,0,370,0,0,1,1.0,0.10373520851135254,0.20349969601794726,1.9617225331520565,0.0,benign_mixed,BENIGN
1788947794,3,0.0,0.0,0.0,3,0,185,0,0,1,1.0,0.0019434690475463867,0.0005413293838500977,0.2785376924492425,0.0,benign_mixed,BENIGN
1788947795,6,0.0,0.0,0.0,6,0,370,0,0,1,1.0,0.14055938720703126,0.27704668633072715,1.9710294120922884,0.0,benign_mixed,BENIGN
1788947796,6,0.0,0.0,0.0,6,0,370,0,0,1,1.0,0.08358621597290039,0.16282350943271537,1.9479708171680439,0.0,benign_mixed,BENIGN
1788947797,3,0.0,0.0,0.0,3,0,185,0,0,1,1.0,0.0023494958877563477,0.0012704133987426758,0.5407174387335735,0.0,benign_mixed,BENIGN
1788947798,6,0.0,0.0,0.0,6,0,370,0,0,1,1.0,0.12962102890014648,0.25543069518081546,1.970596108888986,0.0,benign_mixed,BENIGN
1788947799,6,0.0,0.0,0.0,6,0,370,0,0,1,1.0,0.10204963684082032,0.20056318835671572,1.9653493590531772,0.0,benign_mixed,BENIGN
1788947800,3,0.0,0.0,0.0,3,0,185,0,0,1,1.0,0.0018720626831054688,0.0012919902801513672,0.6901426388181355,0.0,benign_mixed,BENIGN
1788947801,9,0.0,0.0,0.0,9,0,555,0,0,1,1.0,0.12384200096130371,0.21028048277316555,1.6979738791435617,0.0,benign_mixed,BENIGN
1788947802,3,0.0,0.0,0.0,3,0,185,0,0,1,1.0,0.0029535293579101562,0.0022814273834228516,0.7724410720051663,0.0,benign_mixed,BENIGN
1788947803,6,0.0,0.0,0.0,6,0,370,0,0,1,1.0,0.126777982711792,0.2505092024533792,1.9759677279521708,0.0,benign_mixed,BENIGN
1788947804,3,0.0,0.0,0.0,3,0,185,0,0,1,1.0,0.0015920400619506836,0.0005789995193481445,0.3636840134780981,0.0,benign_mixed,BENIGN
1788947805,3,0.0,0.0,0.0,3,0,185,0,0,1,1.0,0.001734018325805664,0.001055002212524414,0.6084146844493331,0.0,benign_mixed,BENIGN
1788947806,3,0.0,0.0,0.0,3,0,185,0,0,1,1.0,0.0028815269470214844,0.0015544891357421875,0.5394671520767831,0.0,benign_mixed,BENIGN
1788947807,6,0.0,0.0,0.0,6,0,370,0,0,1,1.0,0.10656838417053223,0.20927565584867616,1.963768686909903,0.0,benign_mixed,BENIGN
1788947808,6,0.0,0.0,0.0,6,0,370,0,0,1,1.0,0.09705777168273926,0.18921559573866234,1.9495151440027592,0.0,benign_mixed,BENIGN
1788947809,6,0.0,0.0,0.0,6,0,370,0,0,1,1.0,0.07568521499633789,0.14766143140283122,1.950994410334647,0.0,benign_mixed,BENIGN
1788947810,6,0.0,0.0,0.0,6,0,370,0,0,1,1.0,0.07418198585510254,0.14290105618542565,1.9263579228594665,0.0,benign_mixed,BENIGN
1788947811,3,0.0,0.0,0.0,3,0,185,0,0,1,1.0,0.0025299787521362305,0.001262068748474121,0.4988455920463648,0.0,benign_mixed,BENIGN
1788947812,6,0.0,0.0,0.0,6,0,370,0,0,1,1.0,0.08534059524536133,0.16631720528143518,1.9488639000379517,0.0,benign_mixed,BENIGN
1788947813,6,0.0,0.0,0.0,6,0,370,0,0,1,1.0,0.07871041297912598,0.15417845598877347,1.9588063402698908,0.0,benign_mixed,BENIGN
1788947814,6,0.0,0.0,0.0,6,0,370,0,0,1,1.0,0.15023560523986818,0.29719628148346866,1.9782013791535042,0.0,benign_mixed,BENIGN
1788947815,3,0.0,0.0,0.0,3,0,185,0,0,1,1.0,0.0016800165176391602,0.0007101297378540039,0.42269211665365786,0.0,benign_mixed,BENIGN
1788947816,3,0.0,0.0,0.0,3,0,185,0,0,1,1.0,0.0014400482177734375,0.0007278919219970703,0.5054635761589404,0.0,benign_mixed,BENIGN
1788947817,6,0.0,0.0,0.0,6,0,370,0,0,1,1.0,0.0941239833831787,0.18480141992111626,1.9633829049583436,0.0,benign_mixed,BENIGN
1788947818,3,0.0,0.0,0.0,3,0,185,0,0,1,1.0,0.0012025833129882812,0.0007104873657226562,0.5908009516256939,0.0,benign_mixed,BENIGN
1788947819,6,0.0,0.0,0.0,6,0,370,0,0,1,1.0,0.10858497619628907,0.21325675568070074,1.9639618955682827,0.0,benign_mixed,BENIGN
1788947820,3,0.0,0.0,0.0,3,0,185,0,0,1,1.0,0.0013775825500488281,0.0007843971252441406,0.5694011768778124,0.0,benign_mixed,BENIGN
1788947821,3,0.0,0.0,0.0,3,0,185,0,0,1,1.0,0.0013165473937988281,0.0008115768432617188,0.6164433176385368,0.0,benign_mixed,BENIGN
1788947822,3,0.0,0.0,0.0,3,0,185,0,0,1,1.0,0.0013030767440795898,0.0007899999618530273,0.6062574329887476,0.0,benign_mixed,BENIGN
1788947823,6,0.0,0.0,0.0,6,0,370,0,0,1,1.0,0.17372097969055175,0.3437637088894153,1.9788266765577753,0.0,benign_mixed,BENIGN
1788947824,3,0.0,0.0,0.0,3,0,185,0,0,1,1.0,0.0013990402221679688,0.0007181167602539062,0.5132924335378323,0.0,benign_mixed,BENIGN
1788947825,3,0.0,0.0,0.0,3,0,185,0,0,1,1.0,0.0014575719833374023,0.0006583929061889648,0.45170524249611516,0.0,benign_mixed,BENIGN
1788947826,3,0.0,0.0,0.0,3,0,185,0,0,1,1.0,0.0012009143829345703,0.0006959438323974609,0.5795116140559857,0.0,benign_mixed,BENIGN
1788947827,6,0.0,0.0,0.0,6,0,370,0,0,1,1.0,0.06908760070800782,0.13578917218729408,1.9654637126739156,0.0,benign_mixed,BENIGN
1788947828,6,0.0,0.0,0.0,6,0,370,0,0,1,1.0,0.08015756607055664,0.15648847514545028,1.952260813504558,0.0,benign_mixed,BENIGN
1788947829,3,0.0,0.0,0.0,3,0,185,0,0,1,1.0,0.0017194747924804688,0.0011534690856933594,0.6708264004437049,0.0,benign_mixed,BENIGN
1788947830,6,0.0,0.0,0.0,6,0,370,0,0,1,1.0,0.14643077850341796,0.28962899513858165,1.97792430046953,0.0,benign_mixed,BENIGN
1788947831,3,0.0,0.0,0.0,3,0,185,0,0,1,1.0,0.0024290084838867188,0.0017938613891601562,0.7385159010600707,0.0,benign_mixed,BENIGN
1788947832,3,0.0,0.0,0.0,3,0,185,0,0,1,1.0,0.00118255615234375,0.0006704330444335938,0.5669354838709677,0.0,benign_mixed,BENIGN
1788947833,3,0.0,0.0,0.0,3,0,185,0,0,1,1.0,0.0015295743942260742,0.0007575750350952148,0.49528485698698466,0.0,benign_mixed,BENIGN
1788947834,6,0.0,0.0,0.0,6,0,370,0,0,1,1.0,0.07593960762023926,0.14854373327042225,1.9560771766594263,0.0,benign_mixed,BENIGN
1788947835,6,0.0,0.0,0.0,6,0,370,0,0,1,1.0,0.11382298469543457,0.22490502730666637,1.9759192566287298,0.0,benign_mixed,BENIGN
1788947836,3,0.0,0.0,0.0,3,0,185,0,0,1,1.0,0.0012235641479492188,0.0006525516510009766,0.5333203429462198,0.0,benign_mixed,BENIGN
1788947837,6,0.0,0.0,0.0,6,0,370,0,0,1,1.0,0.13154659271240235,0.2605650230462164,1.9807812401183547,0.0,benign_mixed,BENIGN
1788947838,3,0.0,0.0,0.0,3,0,185,0,0,1,1.0,0.0012739896774291992,0.0006598234176635742,0.5179189669692149,0.0,benign_mixed,BENIGN
1788947839,6,0.0,0.0,0.0,6,0,370,0,0,1,1.0,0.11319503784179688,0.22391229209803457,1.978110492890844,0.0,benign_mixed,BENIGN
1788947840,3,0.0,0.0,0.0,3,0,185,0,0,1,1.0,0.0012385845184326172,0.0006554126739501953,0.529162656400385,0.0,benign_mixed,BENIGN
1788947841,6,0.0,0.0,0.0,6,0,370,0,0,1,1.0,0.09433398246765137,0.18616431458825805,1.9734597195882913,0.0,benign_mixed,BENIGN
1788947842,3,0.0,0.0,0.0,3,0,185,0,0,1,1.0,0.001212000846862793,0.0006390810012817383,0.5272941870758335,0.0,benign_mixed,BENIGN
1788947843,6,0.0,0.0,0.0,6,0,370,0,0,1,1.0,0.10235223770141602,0.20207768371976068,1.9743357669352155,0.0,benign_mixed,BENIGN
1788947844,3,0.0,0.0,0.0,3,0,185,0,0,1,1.0,0.0013585090637207031,0.0006074905395507812,0.44717444717444715,0.0,benign_mixed,BENIGN
1788947845,3,0.0,0.0,0.0,3,0,185,0,0,1,1.0,0.0012459754943847656,0.0007040500640869141,0.5650593187906621,0.0,benign_mixed,BENIGN
1788947846,6,0.0,0.0,0.0,6,0,370,0,0,1,1.0,0.10888280868530273,0.21516953135572148,1.976157062384501,0.0,benign_mixed,BENIGN
1788947847,6,0.0,0.0,0.0,6,0,370,0,0,1,1.0,0.07132720947265625,0.13999274790140023,1.9626836509714762,0.0,benign_mixed,BENIGN
1788947848,3,0.0,0.0,0.0,3,0,185,0,0,1,1.0,0.0013425350189208984,0.0007724761962890625,0.5753862546616942,0.0,benign_mixed,BENIGN
1788947849,3,0.0,0.0,0.0,3,0,185,0,0,1,1.0,0.0012999773025512695,0.0006619691848754883,0.5092159559834938,0.0,benign_mixed,BENIGN
1788947850,3,0.0,0.0,0.0,3,0,185,0,0,1,1.0,0.0012664794921875,0.0006184577941894531,0.48832831325301207,0.0,benign_mixed,BENIGN
1788947851,3,0.0,0.0,0.0,3,0,185,0,0,1,1.0,0.0012434720993041992,0.0006486177444458008,0.5216182532834819,0.0,benign_mixed,BENIGN
1788947852,6,0.0,0.0,0.0,6,0,370,0,0,1,1.0,0.09226522445678711,0.18191558333501184,1.9716592508829036,0.0,benign_mixed,BENIGN
1788947853,6,0.0,0.0,0.0,6,0,370,0,0,1,1.0,0.12204360961914062,0.24174846392287372,1.9808367244896636,0.0,benign_mixed,BENIGN
1788947854,6,0.0,0.0,0.0,6,0,370,0,0,1,1.0,0.11266541481018066,0.22261737115391578,1.9759157815109702,0.0,benign_mixed,BENIGN
1788947855,3,0.0,0.0,0.0,3,0,185,0,0,1,1.0,0.0011644363403320312,0.0006554126739501953,0.5628583128583129,0.0,benign_mixed,BENIGN
1788947856,3,0.0,0.0,0.0,3,0,185,0,0,1,1.0,0.001170516014099121,0.0006834268569946289,0.5838680109990834,0.0,benign_mixed,BENIGN
1788947857,6,0.0,0.0,0.0,6,0,370,0,0,1,1.0,0.07225079536437988,0.14200717876416435,1.965475646987477,0.0,benign_mixed,BENIGN
1788947858,3,0.0,0.0,0.0,3,0,185,0,0,1,1.0,0.0013780593872070312,0.0008149147033691406,0.5913494809688581,0.0,benign_mixed,BENIGN
1788947859,6,0.0,0.0,0.0,6,0,370,0,0,1,1.0,0.10360078811645508,0.20479493219243247,1.976770021886586,0.0,benign_mixed,BENIGN
1788947860,3,0.0,0.0,0.0,3,0,185,0,0,1,1.0,0.0012389421463012695,0.0006560087203979492,0.5294910035600885,0.0,benign_mixed,BENIGN
1788947861,3,0.0,0.0,0.0,3,0,185,0,0,1,1.0,0.0011894702911376953,0.0006585121154785156,0.5536179595109241,0.0,benign_mixed,BENIGN
1788947862,6,0.0,0.0,0.0,6,0,370,0,0,1,1.0,0.07823319435119629,0.15415791908389162,1.9704924535212252,0.0,benign_mixed,BENIGN
1788947863,6,0.0,0.0,0.0,6,0,370,0,0,1,1.0,0.14911041259765626,0.29553967220625743,1.982019008985713,0.0,benign_mixed,BENIGN
1788947864,3,0.0,0.0,0.0,3,0,185,0,0,1,1.0,0.0011775493621826172,0.0006635189056396484,0.5634743875278396,0.0,benign_mixed,BENIGN
1788947865,3,0.0,0.0,0.0,3,0,185,0,0,1,1.0,0.0012090206146240234,0.0007200241088867188,0.5955432853480576,0.0,benign_mixed,BENIGN
1788947866,6,0.0,0.0,0.0,6,0,370,0,0,1,1.0,0.09816622734069824,0.19398124431761107,1.976048683671776,0.0,benign_mixed,BENIGN
1788947867,3,0.0,0.0,0.0,3,0,185,0,0,1,1.0,0.0012204647064208984,0.0006546974182128906,0.5364328970502051,0.0,benign_mixed,BENIGN
1788947868,3,0.0,0.0,0.0,3,0,185,0,0,1,1.0,0.0011194944381713867,0.0006374120712280273,0.5693749334469173,0.0,benign_mixed,BENIGN
1788947869,3,0.0,0.0,0.0,3,0,185,0,0,1,1.0,0.001170039176940918,0.0005880594253540039,0.5025980641874681,0.0,benign_mixed,BENIGN
1788947870,9,0.0,0.0,0.0,9,0,555,0,0,1,1.0,0.11729010939598083,0.2145352279148709,1.8290990520827526,0.0,benign_mixed,BENIGN
1788947871,3,0.0,0.0,0.0,3,0,185,0,0,1,1.0,0.0017549991607666016,0.0011668205261230469,0.6648553185708463,0.0,benign_mixed,BENIGN
1788947872,6,0.0,0.0,0.0,6,0,370,0,0,1,1.0,0.1100386142730713,0.2176998924724452,1.978395437916023,0.0,benign_mixed,BENIGN
1788947873,3,0.0,0.0,0.0,3,0,185,0,0,1,1.0,0.0034635066986083984,0.00012445449829101562,0.03593309010807462,0.0,benign_mixed,BENIGN
1788947874,6,0.0,0.0,0.0,6,0,370,0,0,1,1.0,0.13080759048461915,0.2590803698077551,1.9806218343133442,0.0,benign_mixed,BENIGN
1788947875,3,0.0,0.0,0.0,3,0,185,0,0,1,1.0,0.0013835430145263672,0.0007565021514892578,0.5467861450973635,0.0,benign_mixed,BENIGN
1788947876,6,0.0,0.0,0.0,6,0,370,0,0,1,1.0,0.08382701873779297,0.1648960113875629,1.9670986022221546,0.0,benign_mixed,BENIGN
1788947877,3,0.0,0.0,0.0,3,0,185,0,0,1,1.0,0.001193404197692871,0.0006746053695678711,0.5652781939866147,0.0,benign_mixed,BENIGN
1788947878,6,0.0,0.0,0.0,6,0,370,0,0,1,1.0,0.10397758483886718,0.20568342349127902,1.9781515776695926,0.0,benign_mixed,BENIGN
1788947879,6,0.0,0.0,0.0,6,0,370,0,0,1,1.0,0.07517976760864258,0.1479502320036223,1.9679527712002947,0.0,benign_mixed,BENIGN
1788947880,3,0.0,0.0,0.0,3,0,185,0,0,1,1.0,0.0011420249938964844,0.0006201267242431641,0.5430062630480167,0.0,benign_mixed,BENIGN
1788947881,6,0.0,0.0,0.0,6,0,370,0,0,1,1.0,0.0935826301574707,0.18237336744966268,1.9487950610362688,0.0,benign_mixed,BENIGN
1788947882,6,0.0,0.0,0.0,6,0,370,0,0,1,1.0,0.1105501651763916,0.21871920411714718,1.9784611245778172,0.0,benign_mixed,BENIGN
1788947883,3,0.0,0.0,0.0,3,0,185,0,0,1,1.0,0.001259922981262207,0.0007089376449584961,0.5626833191408838,0.0,benign_mixed,BENIGN
1788947884,3,0.0,0.0,0.0,3,0,185,0,0,1,1.0,0.0012559890747070312,0.0005688667297363281,0.45292331055429,0.0,benign_mixed,BENIGN
1788947885,6,0.0,0.0,0.0,6,0,370,0,0,1,1.0,0.13646979331970216,0.27020785717012125,1.979982900224055,0.0,benign_mixed,BENIGN
1788947886,3,0.0,0.0,0.0,3,0,185,0,0,1,1.0,0.06647300720214844,0.06595993041992188,0.9922814266448595,0.0,benign_mixed,BENIGN
1788947887,3,0.0,0.0,0.0,3,0,185,0,0,1,1.0,0.0011919736862182617,0.0007079839706420898,0.593959395939594,0.0,benign_mixed,BENIGN
1788947888,3,0.0,0.0,0.0,3,0,185,0,0,1,1.0,0.001326918601989746,0.0007759332656860352,0.5847632737400054,0.0,benign_mixed,BENIGN
1788947889,6,0.0,0.0,0.0,6,0,370,0,0,1,1.0,0.19757838249206544,0.3924619119078037,1.9863605874168173,0.0,benign_mixed,BENIGN
1788947890,3,0.0,0.0,0.0,3,0,185,0,0,1,1.0,0.0012024641036987305,0.0006345510482788086,0.527708932289085,0.0,benign_mixed,BENIGN
1788947891,4,0.0,0.0,0.0,4,0,414,0,0,2,1.0,0.1608759562174479,0.22501680943647515,1.398697572509414,0.0,benign_mixed,BENIGN
1788947892,6,0.0,0.0,0.0,6,0,370,0,0,1,1.0,0.07395257949829101,0.14556652952323454,1.968376634199737,0.0,benign_mixed,BENIGN
1788947893,3,0.0,0.0,0.0,3,0,185,0,0,1,1.0,0.001241922378540039,0.0007109642028808594,0.5724707237473603,0.0,benign_mixed,BENIGN
1788947894,6,0.0,0.0,0.0,6,0,370,0,0,1,1.0,0.09854178428649903,0.19276026924684378,1.956127247365597,0.0,benign_mixed,BENIGN
1788947895,3,0.0,0.0,0.0,3,0,185,0,0,1,1.0,0.0013840198516845703,0.0007688999176025391,0.5555555555555556,0.0,benign_mixed,BENIGN
1788947896,6,0.0,0.0,0.0,6,0,370,0,0,1,1.0,0.07800240516662597,0.15339949675408998,1.9665995737747242,0.0,benign_mixed,BENIGN
1788947897,3,0.0,0.0,0.0,3,0,185,0,0,1,1.0,0.0013074874877929688,0.0008115768432617188,0.6207148067104303,0.0,benign_mixed,BENIGN
1788947898,3,0.0,0.0,0.0,3,0,185,0,0,1,1.0,0.0013289451599121094,0.0007889270782470703,0.5936490850376749,0.0,benign_mixed,BENIGN
1788947899,6,0.0,0.0,0.0,6,0,370,0,0,1,1.0,0.117335844039917,0.2319053509632499,1.9764237676967407,0.0,benign_mixed,BENIGN
1788947900,6,0.0,0.0,0.0,6,0,370,0,0,1,1.0,0.07775158882141113,0.15284936701114296,1.9658680848596564,0.0,benign_mixed,BENIGN
1788947901,3,0.0,0.0,0.0,3,0,185,0,0,1,1.0,0.0012515783309936523,0.0007663965225219727,0.6123440327650252,0.0,benign_mixed,BENIGN
1788947902,3,0.0,0.0,0.0,3,0,185,0,0,1,1.0,0.0014240741729736328,0.0006630420684814453,0.46559517830236063,0.0,benign_mixed,BENIGN
1788947903,3,0.0,0.0,0.0,3,0,185,0,0,1,1.0,0.0012509822845458984,0.0006549358367919922,0.523537259386316,0.0,benign_mixed,BENIGN
1788947904,6,0.0,0.0,0.0,6,0,370,0,0,1,1.0,0.18519001007080077,0.36751944829619426,1.9845533144886507,0.0,benign_mixed,BENIGN
1788947905,3,0.0,0.0,0.0,3,0,185,0,0,1,1.0,0.0012135505676269531,0.0007295608520507812,0.6011787819253438,0.0,benign_mixed,BENIGN
1788947906,3,0.0,0.0,0.0,3,0,185,0,0,1,1.0,0.0016030073165893555,0.0007871389389038086,0.49103889343347956,0.0,benign_mixed,BENIGN
1788947907,3,0.0,0.0,0.0,3,0,185,0,0,1,1.0,0.0013785362243652344,0.0007693767547607422,0.5581113801452785,0.0,benign_mixed,BENIGN
1788947908,9,0.0,0.0,0.0,9,0,555,0,0,1,1.0,0.08543875813484192,0.14593045681075434,1.70801238216083,0.0,benign_mixed,BENIGN
1788947909,3,0.0,0.0,0.0,3,0,185,0,0,1,1.0,0.0012586116790771484,0.0006465911865234375,0.5137336616783482,0.0,benign_mixed,BENIGN
1789032350,1,0.026546,404.0,9269.0,10,8,816,9601,9238,1,0.0,0.0,0.0,0.0,0.0,benign_encrypted,BENIGN_ENCRYPTED
1789032351,3,0.014319333333333335,1212.0,27807.0,28,24,2368,28803,27714,1,0.0,0.04753446578979492,0.0008704662322998047,0.018312317553943844,0.0,benign_encrypted,BENIGN_ENCRYPTED
1789032352,2,0.0174075,808.0,18538.0,18,16,1552,19202,18476,1,0.0,0.05404520034790039,0.0,0.0,0.0,benign_encrypted,BENIGN_ENCRYPTED
1789032353,2,0.0320065,808.0,18538.0,18,16,1552,19202,18476,1,0.0,0.7852129936218262,0.0,0.0,0.0,benign_encrypted,BENIGN_ENCRYPTED
1789032355,1,0.012523,404.0,9269.0,9,8,776,9601,9238,1,0.0,0.0,0.0,0.0,0.0,benign_encrypted,BENIGN_ENCRYPTED
1789032356,1,0.047496,404.0,9269.0,9,8,776,9601,9238,1,0.0,0.0,0.0,0.0,0.0,benign_encrypted,BENIGN_ENCRYPTED
1789032358,2,0.013928,808.0,18538.0,18,16,1552,19202,18476,1,0.0,0.04139995574951172,0.0,0.0,0.0,benign_encrypted,BENIGN_ENCRYPTED
1789032359,1,0.018596,404.0,9269.0,9,8,776,9601,9238,1,0.0,0.0,0.0,0.0,0.0,benign_encrypted,BENIGN_ENCRYPTED
1789032360,2,0.018104500000000003,808.0,18538.0,18,16,1552,19202,18476,1,0.0,0.04452919960021973,0.0,0.0,0.0,benign_encrypted,BENIGN_ENCRYPTED
1789032361,1,0.018412,404.0,9269.0,9,8,776,9601,9238,1,0.0,0.0,0.0,0.0,0.0,benign_encrypted,BENIGN_ENCRYPTED
1789032362,2,0.0165825,808.0,18538.0,19,16,1592,19202,18476,1,0.0,0.04260396957397461,0.0,0.0,0.0,benign_encrypted,BENIGN_ENCRYPTED
1789032364,1,0.029294,404.0,9269.0,9,8,776,9601,9238,1,0.0,0.0,0.0,0.0,0.0,benign_encrypted,BENIGN_ENCRYPTED
1789032365,2,0.0215295,808.0,18538.0,19,17,1592,19242,18476,1,0.0,0.06030392646789551,0.0,0.0,0.0,benign_encrypted,BENIGN_ENCRYPTED
1789032366,3,0.014587666666666665,1212.0,27807.0,27,24,2328,28803,27714,1,0.0,0.04587054252624512,0.0015575885772705078,0.0339561838925128,0.0,benign_encrypted,BENIGN_ENCRYPTED
1789032367,2,0.026253,808.0,18538.0,18,16,1552,19202,18476,1,0.0,0.052900075912475586,0.0,0.0,0.0,benign_encrypted,BENIGN_ENCRYPTED
1789032368,2,0.0151465,808.0,18538.0,18,17,1552,19242,18476,1,0.0,0.04854011535644531,0.0,0.0,0.0,benign_encrypted,BENIGN_ENCRYPTED
1789032370,3,0.042479666666666666,1212.0,27807.0,28,25,2368,28843,27714,1,0.0,0.07760703563690186,0.0031260251998901367,0.0402801778760858,0.0,benign_encrypted,BENIGN_ENCRYPTED
1789032371,1,0.012206,404.0,9269.0,9,8,776,9601,9238,1,0.0,0.0,0.0,0.0,0.0,benign_encrypted,BENIGN_ENCRYPTED
1789032372,1,0.022134,404.0,9269.0,9,8,776,9601,9238,1,0.0,0.0,0.0,0.0,0.0,benign_encrypted,BENIGN_ENCRYPTED
1789032374,3,0.013474333333333333,1212.0,27807.0,27,24,2328,28803,27714,1,0.0,0.04515707492828369,0.002550959587097168,0.05649080661554098,0.0,benign_encrypted,BENIGN_ENCRYPTED
1789032375,2,0.0218955,808.0,18538.0,18,16,1552,19202,18476,1,0.0,0.04224085807800293,0.0,0.0,0.0,benign_encrypted,BENIGN_ENCRYPTED
1789032376,3,0.02857533333333333,1212.0,27807.0,27,24,2328,28803,27714,1,0.0,0.07820999622344971,0.004356980323791504,0.055708739728658245,0.0,benign_encrypted,BENIGN_ENCRYPTED
1789032377,3,0.015071666666666666,1212.0,27807.0,28,24,2368,28803,27714,1,0.0,0.046019554138183594,0.0048656463623046875,0.10572997616827272,0.0,benign_encrypted,BENIGN_ENCRYPTED
1789032379,3,0.022049,1212.0,27807.0,27,24,2328,28803,27714,1,0.0,0.05814254283905029,0.0087205171585083,0.14998513537064184,0.0,benign_encrypted,BENIGN_ENCRYPTED
1789032381,2,0.0140775,808.0,18538.0,18,16,1552,19202,18476,1,0.0,0.04575014114379883,0.0,0.0,0.0,benign_encrypted,BENIGN_ENCRYPTED
1789032384,1,0.013411,404.0,9269.0,9,8,776,9601,9238,1,0.0,0.0,0.0,0.0,0.0,benign_encrypted,BENIGN_ENCRYPTED
1789032386,3,0.015340666666666667,1212.0,27807.0,27,24,2328,28803,27714,1,0.0,0.05278658866882324,0.0003085136413574219,0.0058445459185286555,0.0,benign_encrypted,BENIGN_ENCRYPTED
1789032388,2,0.0422345,808.0,18538.0,18,16,1552,19202,18476,1,0.0,0.08147907257080078,0.0,0.0,0.0,benign_encrypted,BENIGN_ENCRYPTED
1789032389,2,0.028955,808.0,18538.0,18,17,1552,19242,18476,1,0.0,0.049362897872924805,0.0,0.0,0.0,benign_encrypted,BENIGN_ENCRYPTED
1789032391,1,0.019742,404.0,9269.0,9,8,776,9601,9238,1,0.0,0.0,0.0,0.0,0.0,benign_encrypted,BENIGN_ENCRYPTED
1789032393,2,0.013828,808.0,18538.0,18,17,1552,19242,18476,1,0.0,0.048670053482055664,0.0,0.0,0.0,benign_encrypted,BENIGN_ENCRYPTED
1789032394,1,0.012943,404.0,9269.0,9,8,776,9601,9238,1,0.0,0.0,0.0,0.0,0.0,benign_encrypted,BENIGN_ENCRYPTED
1789032395,3,0.020238333333333334,1212.0,27807.0,27,24,2328,28803,27714,1,0.0,0.0490344762802124,0.0014084577560424805,0.028723825823971448,0.0,benign_encrypted,BENIGN_ENCRYPTED
1789032396,1,0.022709,404.0,9269.0,9,8,776,9601,9238,1,0.0,0.0,0.0,0.0,0.0,benign_encrypted,BENIGN_ENCRYPTED
1789032397,1,0.014112,404.0,9269.0,9,8,776,9601,9238,1,0.0,0.0,0.0,0.0,0.0,benign_encrypted,BENIGN_ENCRYPTED
1789032400,2,0.013168,808.0,18538.0,18,16,1552,19202,18476,1,0.0,0.046439170837402344,0.0,0.0,0.0,benign_encrypted,BENIGN_ENCRYPTED
1789032401,1,0.016788,404.0,9269.0,9,8,776,9601,9238,1,0.0,0.0,0.0,0.0,0.0,benign_encrypted,BENIGN_ENCRYPTED
1789032404,1,0.01196,404.0,9269.0,9,8,776,9601,9238,1,0.0,0.0,0.0,0.0,0.0,benign_encrypted,BENIGN_ENCRYPTED
1789032406,1,0.013734,404.0,9269.0,9,8,776,9601,9238,1,0.0,0.0,0.0,0.0,0.0,benign_encrypted,BENIGN_ENCRYPTED
1789032409,2,0.016529500000000003,808.0,18538.0,18,16,1552,19202,18476,1,0.0,0.0461728572845459,0.0,0.0,0.0,benign_encrypted,BENIGN_ENCRYPTED
1789032411,1,0.016861,404.0,9269.0,9,8,776,9601,9238,1,0.0,0.0,0.0,0.0,0.0,benign_encrypted,BENIGN_ENCRYPTED
1789032412,2,0.024215999999999998,808.0,18538.0,18,16,1552,19202,18476,1,0.0,0.046801090240478516,0.0,0.0,0.0,benign_encrypted,BENIGN_ENCRYPTED
1789032414,3,0.02967966666666667,1212.0,27807.0,27,25,2328,28843,27714,1,0.0,0.06840300559997559,0.011873006820678711,0.1735743439420292,0.0,benign_encrypted,BENIGN_ENCRYPTED
1789032416,3,0.017848333333333334,1212.0,27807.0,27,24,2328,28803,27714,1,0.0,0.05190300941467285,0.007381916046142578,0.14222520291965438,0.0,benign_encrypted,BENIGN_ENCRYPTED
1789032419,2,0.01415,808.0,18538.0,18,16,1552,19202,18476,1,0.0,0.04402494430541992,0.0,0.0,0.0,benign_encrypted,BENIGN_ENCRYPTED
1789032420,2,0.0112165,808.0,18538.0,18,16,1552,19202,18476,1,0.0,0.04169797897338867,0.0,0.0,0.0,benign_encrypted,BENIGN_ENCRYPTED
1789032422,3,0.023565000000000003,1212.0,27807.0,28,24,2368,28803,27714,1,0.0,0.43631649017333984,0.3717775344848633,0.8520822450170596,0.0,benign_encrypted,BENIGN_ENCRYPTED
1789032425,2,0.0328875,808.0,18538.0,18,16,1552,19202,18476,1,0.0,0.08534789085388184,0.0,0.0,0.0,benign_encrypted,BENIGN_ENCRYPTED
1789032426,1,0.018441,404.0,9269.0,9,8,776,9601,9238,1,0.0,0.0,0.0,0.0,0.0,benign_encrypted,BENIGN_ENCRYPTED
1789032428,3,0.014826333333333335,1212.0,27807.0,27,24,2328,28803,27714,1,0.0,0.0455474853515625,0.008345365524291992,0.18322340871021775,0.0,benign_encrypted,BENIGN_ENCRYPTED
1789032430,1,0.010938,404.0,9269.0,9,8,776,9601,9238,1,0.0,0.0,0.0,0.0,0.0,benign_encrypted,BENIGN_ENCRYPTED
1789032433,2,0.013776,808.0,18538.0,18,16,1552,19202,18476,1,0.0,0.0529627799987793,0.0,0.0,0.0,benign_encrypted,BENIGN_ENCRYPTED
1789032435,3,0.02351766666666667,1212.0,27807.0,27,25,2328,28843,27714,1,0.0,0.06557703018188477,0.011291027069091797,0.17217960370841665,0.0,benign_encrypted,BENIGN_ENCRYPTED
1789032437,1,0.029972,404.0,9269.0,9,8,776,9601,9238,1,0.0,0.0,0.0,0.0,0.0,benign_encrypted,BENIGN_ENCRYPTED
1789032439,1,0.011832,404.0,9269.0,9,8,776,9601,9238,1,0.0,0.0,0.0,0.0,0.0,benign_encrypted,BENIGN_ENCRYPTED
1789032440,2,0.0253905,808.0,18538.0,18,16,1552,19202,18476,1,0.0,0.05166292190551758,0.0,0.0,0.0,benign_encrypted,BENIGN_ENCRYPTED
1789032441,1,0.013981,404.0,9269.0,9,8,776,9601,9238,1,0.0,0.0,0.0,0.0,0.0,benign_encrypted,BENIGN_ENCRYPTED
1789032442,2,0.028877,808.0,18538.0,18,16,1552,19202,18476,1,0.0,0.06227302551269531,0.0,0.0,0.0,benign_encrypted,BENIGN_ENCRYPTED
1789032445,1,0.014324,404.0,9269.0,9,8,776,9601,9238,1,0.0,0.0,0.0,0.0,0.0,benign_encrypted,BENIGN_ENCRYPTED
1789032446,3,0.018193666666666667,1212.0,27807.0,27,25,2328,28843,27714,1,0.0,0.046429991722106934,0.0011578798294067383,0.024938187289304026,0.0,benign_encrypted,BENIGN_ENCRYPTED
1789032447,3,0.013615666666666667,1212.0,27807.0,27,25,2328,28843,27714,1,0.0,0.05088353157043457,0.002861499786376953,0.05623626540968321,0.0,benign_encrypted,BENIGN_ENCRYPTED
1789032448,1,0.012877,404.0,9269.0,9,8,776,9601,9238,1,0.0,0.0,0.0,0.0,0.0,benign_encrypted,BENIGN_ENCRYPTED
1789032451,2,0.015026,808.0,18538.0,18,16,1552,19202,18476,1,0.0,0.05315399169921875,0.0,0.0,0.0,benign_encrypted,BENIGN_ENCRYPTED
1789032454,3,0.019214666666666668,1212.0,27807.0,27,24,2328,28803,27714,1,0.0,0.054448485374450684,0.01031339168548584,0.18941558455775298,0.0,benign_encrypted,BENIGN_ENCRYPTED
1789032455,2,0.0214505,808.0,18538.0,18,16,1552,19202,18476,1,0.0,0.04231882095336914,0.0,0.0,0.0,benign_encrypted,BENIGN_ENCRYPTED
1789032456,2,0.0160505,808.0,18538.0,19,16,1592,19202,18476,1,0.0,0.04768705368041992,0.0,0.0,0.0,benign_encrypted,BENIGN_ENCRYPTED
1789032457,1,0.013534,404.0,9269.0,9,8,776,9601,9238,1,0.0,0.0,0.0,0.0,0.0,benign_encrypted,BENIGN_ENCRYPTED
1789032458,1,0.013323,404.0,9269.0,9,8,776,9601,9238,1,0.0,0.0,0.0,0.0,0.0,benign_encrypted,BENIGN_ENCRYPTED
1789032459,3,0.032440666666666666,1212.0,27807.0,27,24,2328,28803,27714,1,0.0,0.07845747470855713,0.0013846158981323242,0.017647979408918043,0.0,benign_encrypted,BENIGN_ENCRYPTED
1789032460,1,0.012594,404.0,9269.0,9,8,776,9601,9238,1,0.0,0.0,0.0,0.0,0.0,benign_encrypted,BENIGN_ENCRYPTED
1789032462,2,0.012073500000000001,808.0,18538.0,18,16,1552,19202,18476,1,0.0,0.04549407958984375,0.0,0.0,0.0,benign_encrypted,BENIGN_ENCRYPTED
1789032464,3,0.029562,1212.0,27807.0,27,24,2328,28803,27714,1,0.0,0.0633840560913086,0.013408899307250977,0.21155003535801875,0.0,benign_encrypted,BENIGN_ENCRYPTED
1789032466,2,0.016545,808.0,18538.0,18,16,1552,19202,18476,1,0.0,0.054013967514038086,0.0,0.0,0.0,benign_encrypted,BENIGN_ENCRYPTED
1789032467,2,0.0172245,808.0,18538.0,18,16,1552,19202,18476,1,0.0,0.04494309425354004,0.0,0.0,0.0,benign_encrypted,BENIGN_ENCRYPTED
1789032469,3,0.020361666666666667,1212.0,27807.0,27,24,2328,28803,27714,1,0.0,0.06138753890991211,0.0018503665924072266,0.03014238109663738,0.0,benign_encrypted,BENIGN_ENCRYPTED
1789032472,2,0.0296895,808.0,18538.0,18,16,1552,19202,18476,1,0.0,0.0457758903503418,0.0,0.0,0.0,benign_encrypted,BENIGN_ENCRYPTED
1789032474,3,0.012796,1212.0,27807.0,27,25,2328,28843,27714,1,0.0,0.039266109466552734,0.0023620128631591797,0.06015398253731162,0.0,benign_encrypted,BENIGN_ENCRYPTED
1789032475,1,0.019458,404.0,9269.0,9,8,776,9601,9238,1,0.0,0.0,0.0,0.0,0.0,benign_encrypted,BENIGN_ENCRYPTED
1789032476,1,0.012667,404.0,9269.0,9,8,776,9601,9238,1,0.0,0.0,0.0,0.0,0.0,benign_encrypted,BENIGN_ENCRYPTED
1789032478,2,0.017267,808.0,18538.0,18,16,1552,19202,18476,1,0.0,0.047163963317871094,0.0,0.0,0.0,benign_encrypted,BENIGN_ENCRYPTED
1789032480,2,0.033003000000000005,808.0,18538.0,18,16,1552,19202,18476,1,0.0,0.048583030700683594,0.0,0.0,0.0,benign_encrypted,BENIGN_ENCRYPTED
1789032482,2,0.0161345,808.0,18538.0,18,16,1552,19202,18476,1,0.0,0.043647050857543945,0.0,0.0,0.0,benign_encrypted,BENIGN_ENCRYPTED
1789032483,2,0.024472,808.0,18538.0,18,16,1552,19202,18476,1,0.0,0.07663202285766602,0.0,0.0,0.0,benign_encrypted,BENIGN_ENCRYPTED
1789032485,2,0.038207000000000005,808.0,18538.0,19,16,1592,19202,18476,1,0.0,0.0738840103149414,0.0,0.0,0.0,benign_encrypted,BENIGN_ENCRYPTED
1789032487,1,0.036884,404.0,9269.0,9,8,776,9601,9238,1,0.0,0.0,0.0,0.0,0.0,benign_encrypted,BENIGN_ENCRYPTED
1789032488,3,0.016443333333333334,1212.0,27807.0,27,26,2328,28883,27714,1,0.0,0.052966952323913574,0.003728032112121582,0.07038411591671749,0.0,benign_encrypted,BENIGN_ENCRYPTED
1789032490,1,0.045008,404.0,9269.0,9,8,776,9601,9238,1,0.0,0.0,0.0,0.0,0.0,benign_encrypted,BENIGN_ENCRYPTED
1789032491,2,0.029059,808.0,18538.0,18,16,1552,19202,18476,1,0.0,0.06923389434814453,0.0,0.0,0.0,benign_encrypted,BENIGN_ENCRYPTED
1789032493,2,0.033117999999999995,808.0,18538.0,19,18,1592,19282,18476,1,0.0,0.07766604423522949,0.0,0.0,0.0,benign_encrypted,BENIGN_ENCRYPTED
1789032495,2,0.0156255,808.0,18538.0,18,16,1552,19202,18476,1,0.0,0.054679155349731445,0.0,0.0,0.0,benign_encrypted,BENIGN_ENCRYPTED
1789032498,3,0.024011666666666667,1212.0,27807.0,27,24,2328,28803,27714,1,0.0,0.0563349723815918,0.005198001861572266,0.09226953776355772,0.0,benign_encrypted,BENIGN_ENCRYPTED
1789032500,2,0.0251775,808.0,18538.0,18,16,1552,19202,18476,1,0.0,0.054041147232055664,0.0,0.0,0.0,benign_encrypted,BENIGN_ENCRYPTED
1789032501,1,0.039717,404.0,9269.0,9,8,776,9601,9238,1,0.0,0.0,0.0,0.0,0.0,benign_encrypted,BENIGN_ENCRYPTED
1789032503,2,0.0186585,808.0,18538.0,18,16,1552,19202,18476,1,0.0,0.059509992599487305,0.0,0.0,0.0,benign_encrypted,BENIGN_ENCRYPTED
1789032504,3,0.014993999999999999,1212.0,27807.0,27,25,2328,28843,27714,1,0.0,0.04673302173614502,0.0006710290908813477,0.014358778139149288,0.0,benign_encrypted,BENIGN_ENCRYPTED
1789032505,1,0.013658,404.0,9269.0,9,9,776,9641,9238,1,0.0,0.0,0.0,0.0,0.0,benign_encrypted,BENIGN_ENCRYPTED
1789032506,1,0.022573,404.0,9269.0,9,8,776,9601,9238,1,0.0,0.0,0.0,0.0,0.0,benign_encrypted,BENIGN_ENCRYPTED
1789032507,2,0.0136645,808.0,18538.0,18,16,1552,19202,18476,1,0.0,0.04705095291137695,0.0,0.0,0.0,benign_encrypted,BENIGN_ENCRYPTED
1789032508,2,0.015662,808.0,18538.0,18,16,1552,19202,18476,1,0.0,0.04592609405517578,0.0,0.0,0.0,benign_encrypted,BENIGN_ENCRYPTED
1789032511,2,0.0151945,808.0,18538.0,18,16,1552,19202,18476,1,0.0,0.056001901626586914,0.0,0.0,0.0,benign_encrypted,BENIGN_ENCRYPTED
1789032514,2,0.015942,808.0,18538.0,18,16,1552,19202,18476,1,0.0,0.044999122619628906,0.0,0.0,0.0,benign_encrypted,BENIGN_ENCRYPTED
1789032516,1,0.016416,404.0,9269.0,9,8,776,9601,9238,1,0.0,0.0,0.0,0.0,0.0,benign_encrypted,BENIGN_ENCRYPTED
1789032518,1,0.036442,404.0,9269.0,9,8,776,9601,9238,1,0.0,0.0,0.0,0.0,0.0,benign_encrypted,BENIGN_ENCRYPTED
1789445164,1,0.013016,404.0,9269.0,9,9,776,9641,9238,1,0.0,0.0,0.0,0.0,0.0,benign_encrypted_v2,BENIGN_ENCRYPTED
1789445165,2,0.026210499999999998,808.0,18538.0,19,17,1592,19242,18476,1,0.0,0.3364279270172119,0.0,0.0,0.0,benign_encrypted_v2,BENIGN_ENCRYPTED
1789445166,1,0.013714,404.0,9269.0,9,10,776,9681,9238,1,0.0,0.0,0.0,0.0,0.0,benign_encrypted_v2,BENIGN_ENCRYPTED
1789445168,1,0.011183,404.0,9269.0,9,8,776,9601,9238,1,0.0,0.0,0.0,0.0,0.0,benign_encrypted_v2,BENIGN_ENCRYPTED
1789445171,1,0.011081,404.0,9269.0,9,9,776,9641,9238,1,0.0,0.0,0.0,0.0,0.0,benign_encrypted_v2,BENIGN_ENCRYPTED
1789445175,1,0.016196,404.0,9269.0,9,10,776,9681,9238,1,0.0,0.0,0.0,0.0,0.0,benign_encrypted_v2,BENIGN_ENCRYPTED
1789445179,1,0.026892,404.0,9269.0,9,9,776,9641,9238,1,0.0,0.0,0.0,0.0,0.0,benign_encrypted_v2,BENIGN_ENCRYPTED
1789445184,1,0.025937,404.0,9269.0,9,8,776,9601,9238,1,0.0,0.0,0.0,0.0,0.0,benign_encrypted_v2,BENIGN_ENCRYPTED
1789445187,2,0.015578999999999999,808.0,18538.0,18,17,1552,19242,18476,1,0.0,0.21169400215148926,0.0,0.0,0.0,benign_encrypted_v2,BENIGN_ENCRYPTED
1789445190,2,0.023126,808.0,18538.0,18,16,1552,19202,18476,1,0.0,0.3054640293121338,0.0,0.0,0.0,benign_encrypted_v2,BENIGN_ENCRYPTED
1789445191,2,0.016876500000000003,808.0,18538.0,18,17,1552,19242,18476,1,0.0,0.17628812789916992,0.0,0.0,0.0,benign_encrypted_v2,BENIGN_ENCRYPTED
1789445193,1,0.04186,404.0,9269.0,9,9,776,9641,9238,1,0.0,0.0,0.0,0.0,0.0,benign_encrypted_v2,BENIGN_ENCRYPTED
1789445194,2,0.017335999999999997,808.0,18538.0,18,17,1552,19242,18476,1,0.0,0.6349010467529297,0.0,0.0,0.0,benign_encrypted_v2,BENIGN_ENCRYPTED
1789445197,1,0.016749,404.0,9269.0,9,8,776,9601,9238,1,0.0,0.0,0.0,0.0,0.0,benign_encrypted_v2,BENIGN_ENCRYPTED
1789445198,1,0.039332,404.0,9269.0,9,8,776,9601,9238,1,0.0,0.0,0.0,0.0,0.0,benign_encrypted_v2,BENIGN_ENCRYPTED
1789445199,1,0.013168,404.0,9269.0,9,8,776,9601,9238,1,0.0,0.0,0.0,0.0,0.0,benign_encrypted_v2,BENIGN_ENCRYPTED
1789445200,1,0.019264,404.0,9269.0,9,10,776,9681,9238,1,0.0,0.0,0.0,0.0,0.0,benign_encrypted_v2,BENIGN_ENCRYPTED
1789445204,1,0.01445,404.0,9269.0,9,8,776,9601,9238,1,0.0,0.0,0.0,0.0,0.0,benign_encrypted_v2,BENIGN_ENCRYPTED
1789445205,1,0.015275,404.0,9269.0,9,8,776,9601,9238,1,0.0,0.0,0.0,0.0,0.0,benign_encrypted_v2,BENIGN_ENCRYPTED
1789445209,1,0.047057,404.0,9269.0,9,8,776,9601,9238,1,0.0,0.0,0.0,0.0,0.0,benign_encrypted_v2,BENIGN_ENCRYPTED
1789445210,1,0.03255,404.0,9269.0,9,9,776,9641,9238,1,0.0,0.0,0.0,0.0,0.0,benign_encrypted_v2,BENIGN_ENCRYPTED
1789445211,1,0.020421,404.0,9269.0,9,8,776,9601,9238,1,0.0,0.0,0.0,0.0,0.0,benign_encrypted_v2,BENIGN_ENCRYPTED
1789445212,2,0.023264,808.0,18538.0,18,18,1552,19282,18476,1,0.0,0.3014528751373291,0.0,0.0,0.0,benign_encrypted_v2,BENIGN_ENCRYPTED
1789445213,1,0.019188,404.0,9269.0,9,8,776,9601,9238,1,0.0,0.0,0.0,0.0,0.0,benign_encrypted_v2,BENIGN_ENCRYPTED
1789445215,1,0.01566,404.0,9269.0,9,9,776,9641,9238,1,0.0,0.0,0.0,0.0,0.0,benign_encrypted_v2,BENIGN_ENCRYPTED
1789445219,1,0.026713,404.0,9269.0,9,8,776,9601,9238,1,0.0,0.0,0.0,0.0,0.0,benign_encrypted_v2,BENIGN_ENCRYPTED
1789445220,2,0.024988499999999997,808.0,18538.0,18,18,1552,19282,18476,1,0.0,0.16475582122802734,0.0,0.0,0.0,benign_encrypted_v2,BENIGN_ENCRYPTED
1789445221,1,0.047072,404.0,9269.0,9,8,776,9601,9238,1,0.0,0.0,0.0,0.0,0.0,benign_encrypted_v2,BENIGN_ENCRYPTED
1789445223,2,0.021744,808.0,18538.0,18,17,1552,19242,18476,1,0.0,0.6706151962280273,0.0,0.0,0.0,benign_encrypted_v2,BENIGN_ENCRYPTED
1789445225,1,0.045302,404.0,9269.0,9,10,776,9681,9238,1,0.0,0.0,0.0,0.0,0.0,benign_encrypted_v2,BENIGN_ENCRYPTED
1789445226,1,0.011917,404.0,9269.0,9,9,776,9641,9238,1,0.0,0.0,0.0,0.0,0.0,benign_encrypted_v2,BENIGN_ENCRYPTED
1789445229,1,0.034759,404.0,9269.0,9,8,776,9601,9238,1,0.0,0.0,0.0,0.0,0.0,benign_encrypted_v2,BENIGN_ENCRYPTED
1789445230,1,0.044946,404.0,9269.0,9,8,776,9601,9238,1,0.0,0.0,0.0,0.0,0.0,benign_encrypted_v2,BENIGN_ENCRYPTED
1789445233,1,0.010744,404.0,9269.0,9,9,776,9641,9238,1,0.0,0.0,0.0,0.0,0.0,benign_encrypted_v2,BENIGN_ENCRYPTED
1789445237,1,0.011129,404.0,9269.0,9,9,776,9641,9238,1,0.0,0.0,0.0,0.0,0.0,benign_encrypted_v2,BENIGN_ENCRYPTED
1789445238,1,0.042127,404.0,9269.0,9,8,776,9601,9238,1,0.0,0.0,0.0,0.0,0.0,benign_encrypted_v2,BENIGN_ENCRYPTED
1789445240,1,0.014366,404.0,9269.0,10,8,816,9601,9238,1,0.0,0.0,0.0,0.0,0.0,benign_encrypted_v2,BENIGN_ENCRYPTED
1789445241,1,0.01635,404.0,9269.0,9,9,776,9641,9238,1,0.0,0.0,0.0,0.0,0.0,benign_encrypted_v2,BENIGN_ENCRYPTED
1789445244,1,0.021138,404.0,9269.0,9,9,776,9641,9238,1,0.0,0.0,0.0,0.0,0.0,benign_encrypted_v2,BENIGN_ENCRYPTED
1789445246,2,0.0439855,808.0,18538.0,18,16,1552,19202,18476,1,0.0,0.23421597480773926,0.0,0.0,0.0,benign_encrypted_v2,BENIGN_ENCRYPTED
1789445247,1,0.012092,404.0,9269.0,9,8,776,9601,9238,1,0.0,0.0,0.0,0.0,0.0,benign_encrypted_v2,BENIGN_ENCRYPTED
1789445251,1,0.041346,404.0,9269.0,9,8,776,9601,9238,1,0.0,0.0,0.0,0.0,0.0,benign_encrypted_v2,BENIGN_ENCRYPTED
1789445252,1,0.013632,404.0,9269.0,9,8,776,9601,9238,1,0.0,0.0,0.0,0.0,0.0,benign_encrypted_v2,BENIGN_ENCRYPTED
1789445253,1,0.013836,404.0,9269.0,9,8,776,9601,9238,1,0.0,0.0,0.0,0.0,0.0,benign_encrypted_v2,BENIGN_ENCRYPTED
1789445254,1,0.021501,404.0,9269.0,9,8,776,9601,9238,1,0.0,0.0,0.0,0.0,0.0,benign_encrypted_v2,BENIGN_ENCRYPTED
1789445256,1,0.018063,404.0,9269.0,9,8,776,9601,9238,1,0.0,0.0,0.0,0.0,0.0,benign_encrypted_v2,BENIGN_ENCRYPTED
1789445258,1,0.016205,404.0,9269.0,9,9,776,9641,9238,1,0.0,0.0,0.0,0.0,0.0,benign_encrypted_v2,BENIGN_ENCRYPTED
1789445261,1,0.01178,404.0,9269.0,9,9,776,9641,9238,1,0.0,0.0,0.0,0.0,0.0,benign_encrypted_v2,BENIGN_ENCRYPTED
1789445262,1,0.015512,404.0,9269.0,9,8,776,9601,9238,1,0.0,0.0,0.0,0.0,0.0,benign_encrypted_v2,BENIGN_ENCRYPTED
1789445263,1,0.013921,404.0,9269.0,9,8,776,9601,9238,1,0.0,0.0,0.0,0.0,0.0,benign_encrypted_v2,BENIGN_ENCRYPTED
1789445264,1,0.010907,404.0,9269.0,9,9,776,9641,9238,1,0.0,0.0,0.0,0.0,0.0,benign_encrypted_v2,BENIGN_ENCRYPTED
1789445265,1,0.011616,404.0,9269.0,9,8,776,9601,9238,1,0.0,0.0,0.0,0.0,0.0,benign_encrypted_v2,BENIGN_ENCRYPTED
1789445266,1,0.011268,404.0,9269.0,9,8,776,9601,9238,1,0.0,0.0,0.0,0.0,0.0,benign_encrypted_v2,BENIGN_ENCRYPTED
1789445267,1,0.032799,404.0,9269.0,9,9,776,9641,9238,1,0.0,0.0,0.0,0.0,0.0,benign_encrypted_v2,BENIGN_ENCRYPTED
1789445269,1,0.011872,404.0,9269.0,9,8,776,9601,9238,1,0.0,0.0,0.0,0.0,0.0,benign_encrypted_v2,BENIGN_ENCRYPTED
1789445270,1,0.010747,404.0,9269.0,9,8,776,9601,9238,1,0.0,0.0,0.0,0.0,0.0,benign_encrypted_v2,BENIGN_ENCRYPTED
1789445275,1,0.015839,404.0,9269.0,10,8,816,9601,9238,1,0.0,0.0,0.0,0.0,0.0,benign_encrypted_v2,BENIGN_ENCRYPTED
1789445276,1,0.019712,404.0,9269.0,9,8,776,9601,9238,1,0.0,0.0,0.0,0.0,0.0,benign_encrypted_v2,BENIGN_ENCRYPTED
1789445277,2,0.0339445,808.0,18538.0,18,16,1552,19202,18476,1,0.0,0.242171049118042,0.0,0.0,0.0,benign_encrypted_v2,BENIGN_ENCRYPTED
1789445281,2,0.011894499999999999,808.0,18538.0,18,16,1552,19202,18476,1,0.0,0.7310068607330322,0.0,0.0,0.0,benign_encrypted_v2,BENIGN_ENCRYPTED
1789445282,2,0.011851,808.0,18538.0,19,18,1592,19282,18476,1,0.0,0.4605529308319092,0.0,0.0,0.0,benign_encrypted_v2,BENIGN_ENCRYPTED
1789445284,1,0.032013,404.0,9269.0,10,8,816,9601,9238,1,0.0,0.0,0.0,0.0,0.0,benign_encrypted_v2,BENIGN_ENCRYPTED
1789445285,1,0.015771,404.0,9269.0,9,8,776,9601,9238,1,0.0,0.0,0.0,0.0,0.0,benign_encrypted_v2,BENIGN_ENCRYPTED
1789445286,1,0.031187,404.0,9269.0,9,8,776,9601,9238,1,0.0,0.0,0.0,0.0,0.0,benign_encrypted_v2,BENIGN_ENCRYPTED
1789445289,2,0.0122115,808.0,18538.0,18,18,1552,19282,18476,1,0.0,0.4024970531463623,0.0,0.0,0.0,benign_encrypted_v2,BENIGN_ENCRYPTED
1789445290,1,0.035882,404.0,9269.0,9,8,776,9601,9238,1,0.0,0.0,0.0,0.0,0.0,benign_encrypted_v2,BENIGN_ENCRYPTED
1789445292,1,0.016118,404.0,9269.0,9,8,776,9601,9238,1,0.0,0.0,0.0,0.0,0.0,benign_encrypted_v2,BENIGN_ENCRYPTED
1789445293,1,0.01058,404.0,9269.0,9,8,776,9601,9238,1,0.0,0.0,0.0,0.0,0.0,benign_encrypted_v2,BENIGN_ENCRYPTED
1789445294,2,0.017788,808.0,18538.0,18,17,1552,19242,18476,1,0.0,0.6279339790344238,0.0,0.0,0.0,benign_encrypted_v2,BENIGN_ENCRYPTED
1789445299,2,0.0148745,808.0,18538.0,18,16,1552,19202,18476,1,0.0,0.8473689556121826,0.0,0.0,0.0,benign_encrypted_v2,BENIGN_ENCRYPTED
1789445303,2,0.011447,808.0,18538.0,18,16,1552,19202,18476,1,0.0,0.336439847946167,0.0,0.0,0.0,benign_encrypted_v2,BENIGN_ENCRYPTED
1789445307,1,0.017461,404.0,9269.0,9,9,776,9641,9238,1,0.0,0.0,0.0,0.0,0.0,benign_encrypted_v2,BENIGN_ENCRYPTED
1789445308,1,0.023756,404.0,9269.0,9,8,776,9601,9238,1,0.0,0.0,0.0,0.0,0.0,benign_encrypted_v2,BENIGN_ENCRYPTED
1789445310,2,0.022011,808.0,18538.0,18,16,1552,19202,18476,1,0.0,0.8267269134521484,0.0,0.0,0.0,benign_encrypted_v2,BENIGN_ENCRYPTED
1789445314,1,0.022359,404.0,9269.0,9,8,776,9601,9238,1,0.0,0.0,0.0,0.0,0.0,benign_encrypted_v2,BENIGN_ENCRYPTED
1789445315,1,0.014281,404.0,9269.0,9,8,776,9601,9238,1,0.0,0.0,0.0,0.0,0.0,benign_encrypted_v2,BENIGN_ENCRYPTED
1789445319,1,0.018119,404.0,9269.0,9,8,776,9601,9238,1,0.0,0.0,0.0,0.0,0.0,benign_encrypted_v2,BENIGN_ENCRYPTED
1789445321,1,0.014364,404.0,9269.0,9,8,776,9601,9238,1,0.0,0.0,0.0,0.0,0.0,benign_encrypted_v2,BENIGN_ENCRYPTED
1789445322,1,0.026774,404.0,9269.0,9,9,776,9641,9238,1,0.0,0.0,0.0,0.0,0.0,benign_encrypted_v2,BENIGN_ENCRYPTED
1789445325,1,0.012768,404.0,9269.0,9,8,776,9601,9238,1,0.0,0.0,0.0,0.0,0.0,benign_encrypted_v2,BENIGN_ENCRYPTED
1789445326,1,0.03359,404.0,9269.0,9,8,776,9601,9238,1,0.0,0.0,0.0,0.0,0.0,benign_encrypted_v2,BENIGN_ENCRYPTED
1789445330,1,0.02817,404.0,9269.0,9,8,776,9601,9238,1,0.0,0.0,0.0,0.0,0.0,benign_encrypted_v2,BENIGN_ENCRYPTED
1789445331,1,0.022422,404.0,9269.0,9,8,776,9601,9238,1,0.0,0.0,0.0,0.0,0.0,benign_encrypted_v2,BENIGN_ENCRYPTED
1789445333,1,0.019775,404.0,9269.0,9,8,776,9601,9238,1,0.0,0.0,0.0,0.0,0.0,benign_encrypted_v2,BENIGN_ENCRYPTED
1789445334,1,0.017509,404.0,9269.0,9,9,776,9641,9238,1,0.0,0.0,0.0,0.0,0.0,benign_encrypted_v2,BENIGN_ENCRYPTED
1789445335,1,0.01611,404.0,9269.0,9,8,776,9601,9238,1,0.0,0.0,0.0,0.0,0.0,benign_encrypted_v2,BENIGN_ENCRYPTED
1789445336,2,0.020632,808.0,18538.0,18,18,1552,19282,18476,1,0.0,0.3971829414367676,0.0,0.0,0.0,benign_encrypted_v2,BENIGN_ENCRYPTED
1789445337,1,0.025254,404.0,9269.0,9,8,776,9601,9238,1,0.0,0.0,0.0,0.0,0.0,benign_encrypted_v2,BENIGN_ENCRYPTED
1789445338,1,0.012793,404.0,9269.0,9,8,776,9601,9238,1,0.0,0.0,0.0,0.0,0.0,benign_encrypted_v2,BENIGN_ENCRYPTED
1789445340,1,0.022125,404.0,9269.0,9,9,776,9641,9238,1,0.0,0.0,0.0,0.0,0.0,benign_encrypted_v2,BENIGN_ENCRYPTED
1789445341,1,0.056571,404.0,9269.0,9,8,776,9601,9238,1,0.0,0.0,0.0,0.0,0.0,benign_encrypted_v2,BENIGN_ENCRYPTED
1789445345,1,0.026087,404.0,9269.0,9,8,776,9601,9238,1,0.0,0.0,0.0,0.0,0.0,benign_encrypted_v2,BENIGN_ENCRYPTED
1789445346,1,0.018412,404.0,9269.0,10,8,816,9601,9238,1,0.0,0.0,0.0,0.0,0.0,benign_encrypted_v2,BENIGN_ENCRYPTED
1789445347,1,0.023274,404.0,9269.0,9,8,776,9601,9238,1,0.0,0.0,0.0,0.0,0.0,benign_encrypted_v2,BENIGN_ENCRYPTED
1789445348,1,0.020697,404.0,9269.0,9,8,776,9601,9238,1,0.0,0.0,0.0,0.0,0.0,benign_encrypted_v2,BENIGN_ENCRYPTED
1789445350,2,0.0180985,808.0,18538.0,18,16,1552,19202,18476,1,0.0,0.6519410610198975,0.0,0.0,0.0,benign_encrypted_v2,BENIGN_ENCRYPTED
1789445351,1,0.025132,404.0,9269.0,9,8,776,9601,9238,1,0.0,0.0,0.0,0.0,0.0,benign_encrypted_v2,BENIGN_ENCRYPTED
1789445352,1,0.021103,404.0,9269.0,9,10,776,9681,9238,1,0.0,0.0,0.0,0.0,0.0,benign_encrypted_v2,BENIGN_ENCRYPTED
1789445355,2,0.013649000000000001,808.0,18538.0,18,16,1552,19202,18476,1,0.0,0.4456210136413574,0.0,0.0,0.0,benign_encrypted_v2,BENIGN_ENCRYPTED
1789445356,1,0.035935,404.0,9269.0,9,8,776,9601,9238,1,0.0,0.0,0.0,0.0,0.0,benign_encrypted_v2,BENIGN_ENCRYPTED
1789445358,2,0.0368205,808.0,18538.0,18,17,1552,19242,18476,1,0.0,0.43233203887939453,0.0,0.0,0.0,benign_encrypted_v2,BENIGN_ENCRYPTED
1789445360,1,0.01946,404.0,9269.0,9,9,776,9641,9238,1,0.0,0.0,0.0,0.0,0.0,benign_encrypted_v2,BENIGN_ENCRYPTED
1789445361,1,0.027624,404.0,9269.0,9,8,776,9601,9238,1,0.0,0.0,0.0,0.0,0.0,benign_encrypted_v2,BENIGN_ENCRYPTED
1789445364,2,0.0318705,808.0,18538.0,18,18,1552,19282,18476,1,0.0,0.2200770378112793,0.0,0.0,0.0,benign_encrypted_v2,BENIGN_ENCRYPTED
1789445368,1,0.019763,404.0,9269.0,9,8,776,9601,9238,1,0.0,0.0,0.0,0.0,0.0,benign_encrypted_v2,BENIGN_ENCRYPTED
1789445371,1,0.022712,404.0,9269.0,9,8,776,9601,9238,1,0.0,0.0,0.0,0.0,0.0,benign_encrypted_v2,BENIGN_ENCRYPTED
1789445372,1,0.013727,404.0,9269.0,9,8,776,9601,9238,1,0.0,0.0,0.0,0.0,0.0,benign_encrypted_v2,BENIGN_ENCRYPTED
1789445375,1,0.026472,404.0,9269.0,9,10,776,9681,9238,1,0.0,0.0,0.0,0.0,0.0,benign_encrypted_v2,BENIGN_ENCRYPTED
1789445378,1,0.016801,404.0,9269.0,9,8,776,9601,9238,1,0.0,0.0,0.0,0.0,0.0,benign_encrypted_v2,BENIGN_ENCRYPTED
1789445379,1,0.030645,404.0,9269.0,9,9,776,9641,9238,1,0.0,0.0,0.0,0.0,0.0,benign_encrypted_v2,BENIGN_ENCRYPTED
1789445380,1,0.01859,404.0,9269.0,9,8,776,9601,9238,1,0.0,0.0,0.0,0.0,0.0,benign_encrypted_v2,BENIGN_ENCRYPTED
1789445383,1,0.012893,404.0,9269.0,9,9,776,9641,9238,1,0.0,0.0,0.0,0.0,0.0,benign_encrypted_v2,BENIGN_ENCRYPTED
1789445384,2,0.016919,808.0,18538.0,18,16,1552,19202,18476,1,0.0,0.4620518684387207,0.0,0.0,0.0,benign_encrypted_v2,BENIGN_ENCRYPTED
1789445385,1,0.015009,404.0,9269.0,9,8,776,9601,9238,1,0.0,0.0,0.0,0.0,0.0,benign_encrypted_v2,BENIGN_ENCRYPTED
1789445389,2,0.020316,808.0,18538.0,18,17,1552,19242,18476,1,0.0,0.6412761211395264,0.0,0.0,0.0,benign_encrypted_v2,BENIGN_ENCRYPTED
1789445390,1,0.022906,404.0,9269.0,9,9,776,9641,9238,1,0.0,0.0,0.0,0.0,0.0,benign_encrypted_v2,BENIGN_ENCRYPTED
1789445391,1,0.019939,404.0,9269.0,9,9,776,9641,9238,1,0.0,0.0,0.0,0.0,0.0,benign_encrypted_v2,BENIGN_ENCRYPTED
1789445396,1,0.047649,404.0,9269.0,9,8,776,9601,9238,1,0.0,0.0,0.0,0.0,0.0,benign_encrypted_v2,BENIGN_ENCRYPTED
1789445397,2,0.020974,808.0,18538.0,18,17,1552,19242,18476,1,0.0,0.3289508819580078,0.0,0.0,0.0,benign_encrypted_v2,BENIGN_ENCRYPTED
1789445398,1,0.050138,404.0,9269.0,9,8,776,9601,9238,1,0.0,0.0,0.0,0.0,0.0,benign_encrypted_v2,BENIGN_ENCRYPTED
1789445401,1,0.021247,404.0,9269.0,9,8,776,9601,9238,1,0.0,0.0,0.0,0.0,0.0,benign_encrypted_v2,BENIGN_ENCRYPTED
1789445402,1,0.029904,404.0,9269.0,9,8,776,9601,9238,1,0.0,0.0,0.0,0.0,0.0,benign_encrypted_v2,BENIGN_ENCRYPTED
1789445403,1,0.017895,404.0,9269.0,9,9,776,9641,9238,1,0.0,0.0,0.0,0.0,0.0,benign_encrypted_v2,BENIGN_ENCRYPTED
1789445404,1,0.020148,404.0,9269.0,9,9,776,9641,9238,1,0.0,0.0,0.0,0.0,0.0,benign_encrypted_v2,BENIGN_ENCRYPTED
1789445405,1,0.02237,404.0,9269.0,9,8,776,9601,9238,1,0.0,0.0,0.0,0.0,0.0,benign_encrypted_v2,BENIGN_ENCRYPTED
1789445409,2,0.016115499999999998,808.0,18538.0,18,16,1552,19202,18476,1,0.0,0.3126790523529053,0.0,0.0,0.0,benign_encrypted_v2,BENIGN_ENCRYPTED
1789445410,2,0.048299,808.0,18538.0,18,16,1552,19202,18476,1,0.0,0.6421360969543457,0.0,0.0,0.0,benign_encrypted_v2,BENIGN_ENCRYPTED
1789445413,2,0.020349,808.0,18538.0,18,16,1552,19202,18476,1,0.0,0.2825629711151123,0.0,0.0,0.0,benign_encrypted_v2,BENIGN_ENCRYPTED
1789445414,1,0.016108,404.0,9269.0,9,8,776,9601,9238,1,0.0,0.0,0.0,0.0,0.0,benign_encrypted_v2,BENIGN_ENCRYPTED
1789445419,1,0.016588,404.0,9269.0,9,8,776,9601,9238,1,0.0,0.0,0.0,0.0,0.0,benign_encrypted_v2,BENIGN_ENCRYPTED
1789445420,1,0.020321,404.0,9269.0,9,8,776,9601,9238,1,0.0,0.0,0.0,0.0,0.0,benign_encrypted_v2,BENIGN_ENCRYPTED
1789445424,1,0.020969,404.0,9269.0,9,8,776,9601,9238,1,0.0,0.0,0.0,0.0,0.0,benign_encrypted_v2,BENIGN_ENCRYPTED
1789445425,1,0.045018,404.0,9269.0,9,8,776,9601,9238,1,0.0,0.0,0.0,0.0,0.0,benign_encrypted_v2,BENIGN_ENCRYPTED
1789445426,1,0.016525,404.0,9269.0,10,8,816,9601,9238,1,0.0,0.0,0.0,0.0,0.0,benign_encrypted_v2,BENIGN_ENCRYPTED
1789445428,1,0.054263,404.0,9269.0,9,9,776,9641,9238,1,0.0,0.0,0.0,0.0,0.0,benign_encrypted_v2,BENIGN_ENCRYPTED
1789445429,2,0.019177,808.0,18538.0,18,16,1552,19202,18476,1,0.0,0.641869068145752,0.0,0.0,0.0,benign_encrypted_v2,BENIGN_ENCRYPTED
1789445434,1,0.01851,404.0,9269.0,9,9,776,9641,9238,1,0.0,0.0,0.0,0.0,0.0,benign_encrypted_v2,BENIGN_ENCRYPTED
1789445438,1,0.014134,404.0,9269.0,9,8,776,9601,9238,1,0.0,0.0,0.0,0.0,0.0,benign_encrypted_v2,BENIGN_ENCRYPTED
1789445439,1,0.019138,404.0,9269.0,9,8,776,9601,9238,1,0.0,0.0,0.0,0.0,0.0,benign_encrypted_v2,BENIGN_ENCRYPTED
1789445443,1,0.017341,404.0,9269.0,9,8,776,9601,9238,1,0.0,0.0,0.0,0.0,0.0,benign_encrypted_v2,BENIGN_ENCRYPTED
1789445444,1,0.049535,404.0,9269.0,9,9,776,9641,9238,1,0.0,0.0,0.0,0.0,0.0,benign_encrypted_v2,BENIGN_ENCRYPTED
1789445445,1,0.019262,404.0,9269.0,9,8,776,9601,9238,1,0.0,0.0,0.0,0.0,0.0,benign_encrypted_v2,BENIGN_ENCRYPTED
1789445447,1,0.017182,404.0,9269.0,9,10,776,9681,9238,1,0.0,0.0,0.0,0.0,0.0,benign_encrypted_v2,BENIGN_ENCRYPTED
1789445450,2,0.019403,808.0,18538.0,18,16,1552,19202,18476,1,0.0,0.314298152923584,0.0,0.0,0.0,benign_encrypted_v2,BENIGN_ENCRYPTED
1789445451,1,0.017997,404.0,9269.0,9,9,776,9641,9238,1,0.0,0.0,0.0,0.0,0.0,benign_encrypted_v2,BENIGN_ENCRYPTED
1789445452,1,0.021225,404.0,9269.0,9,8,776,9601,9238,1,0.0,0.0,0.0,0.0,0.0,benign_encrypted_v2,BENIGN_ENCRYPTED
1789445457,2,0.0215495,808.0,18538.0,18,16,1552,19202,18476,1,0.0,0.309481143951416,0.0,0.0,0.0,benign_encrypted_v2,BENIGN_ENCRYPTED
1789445458,1,0.044241,404.0,9269.0,9,10,776,9681,9238,1,0.0,0.0,0.0,0.0,0.0,benign_encrypted_v2,BENIGN_ENCRYPTED
1789445459,1,0.018076,404.0,9269.0,9,8,776,9601,9238,1,0.0,0.0,0.0,0.0,0.0,benign_encrypted_v2,BENIGN_ENCRYPTED
1789445463,1,0.03391,404.0,9269.0,9,8,776,9601,9238,1,0.0,0.0,0.0,0.0,0.0,benign_encrypted_v2,BENIGN_ENCRYPTED
1789445464,1,0.036374,404.0,9269.0,9,8,776,9601,9238,1,0.0,0.0,0.0,0.0,0.0,benign_encrypted_v2,BENIGN_ENCRYPTED
1789445467,1,0.01477,404.0,9269.0,9,8,776,9601,9238,1,0.0,0.0,0.0,0.0,0.0,benign_encrypted_v2,BENIGN_ENCRYPTED
1789445468,2,0.020754,808.0,18538.0,18,18,1552,19282,18476,1,0.0,0.8188190460205078,0.0,0.0,0.0,benign_encrypted_v2,BENIGN_ENCRYPTED
1789445471,1,0.015646,404.0,9269.0,9,8,776,9601,9238,1,0.0,0.0,0.0,0.0,0.0,benign_encrypted_v2,BENIGN_ENCRYPTED
1789445472,1,0.013164,404.0,9269.0,9,8,776,9601,9238,1,0.0,0.0,0.0,0.0,0.0,benign_encrypted_v2,BENIGN_ENCRYPTED
1789445473,1,0.020397,404.0,9269.0,9,10,776,9681,9238,1,0.0,0.0,0.0,0.0,0.0,benign_encrypted_v2,BENIGN_ENCRYPTED
1789445474,1,0.018688,404.0,9269.0,9,8,776,9601,9238,1,0.0,0.0,0.0,0.0,0.0,benign_encrypted_v2,BENIGN_ENCRYPTED
1789445475,1,0.023365,404.0,9269.0,9,9,776,9641,9238,1,0.0,0.0,0.0,0.0,0.0,benign_encrypted_v2,BENIGN_ENCRYPTED
1789445476,2,0.018223,808.0,18538.0,18,16,1552,19202,18476,1,0.0,0.6227600574493408,0.0,0.0,0.0,benign_encrypted_v2,BENIGN_ENCRYPTED
1789445478,1,0.013941,404.0,9269.0,9,8,776,9601,9238,1,0.0,0.0,0.0,0.0,0.0,benign_encrypted_v2,BENIGN_ENCRYPTED
1789445481,1,0.04372,404.0,9269.0,9,8,776,9601,9238,1,0.0,0.0,0.0,0.0,0.0,benign_encrypted_v2,BENIGN_ENCRYPTED
1789445482,1,0.011981,404.0,9269.0,9,8,776,9601,9238,1,0.0,0.0,0.0,0.0,0.0,benign_encrypted_v2,BENIGN_ENCRYPTED
1789445483,2,0.014894500000000001,808.0,18538.0,18,16,1552,19202,18476,1,0.0,0.6195151805877686,0.0,0.0,0.0,benign_encrypted_v2,BENIGN_ENCRYPTED
1789445486,1,0.013046,404.0,9269.0,9,8,776,9601,9238,1,0.0,0.0,0.0,0.0,0.0,benign_encrypted_v2,BENIGN_ENCRYPTED
1789445488,1,0.017468,404.0,9269.0,9,9,776,9641,9238,1,0.0,0.0,0.0,0.0,0.0,benign_encrypted_v2,BENIGN_ENCRYPTED
1789445489,2,0.028031,808.0,18538.0,18,16,1552,19202,18476,1,0.0,0.26609301567077637,0.0,0.0,0.0,benign_encrypted_v2,BENIGN_ENCRYPTED
1789445494,2,0.024328,808.0,18538.0,18,16,1552,19202,18476,1,0.0,0.29209089279174805,0.0,0.0,0.0,benign_encrypted_v2,BENIGN_ENCRYPTED
1789445495,1,0.028094,404.0,9269.0,9,8,776,9601,9238,1,0.0,0.0,0.0,0.0,0.0,benign_encrypted_v2,BENIGN_ENCRYPTED
1789445496,1,0.013682,404.0,9269.0,9,8,776,9601,9238,1,0.0,0.0,0.0,0.0,0.0,benign_encrypted_v2,BENIGN_ENCRYPTED
1789445500,1,0.014434,404.0,9269.0,9,8,776,9601,9238,1,0.0,0.0,0.0,0.0,0.0,benign_encrypted_v2,BENIGN_ENCRYPTED
1789445501,1,0.011513,404.0,9269.0,9,8,776,9601,9238,1,0.0,0.0,0.0,0.0,0.0,benign_encrypted_v2,BENIGN_ENCRYPTED
1789445502,1,0.015997,404.0,9269.0,9,8,776,9601,9238,1,0.0,0.0,0.0,0.0,0.0,benign_encrypted_v2,BENIGN_ENCRYPTED
1789445505,3,0.025349,1212.0,27807.0,27,24,2328,28803,27714,1,0.0,0.20249760150909424,0.06290256977081299,0.31063365344595456,0.0,benign_encrypted_v2,BENIGN_ENCRYPTED
1789445507,1,0.016612,404.0,9269.0,9,8,776,9601,9238,1,0.0,0.0,0.0,0.0,0.0,benign_encrypted_v2,BENIGN_ENCRYPTED
1789445510,2,0.013323999999999999,808.0,18538.0,18,16,1552,19202,18476,1,0.0,0.28096914291381836,0.0,0.0,0.0,benign_encrypted_v2,BENIGN_ENCRYPTED
1789445511,1,0.014555,404.0,9269.0,9,8,776,9601,9238,1,0.0,0.0,0.0,0.0,0.0,benign_encrypted_v2,BENIGN_ENCRYPTED
1789445512,1,0.012274,404.0,9269.0,9,8,776,9601,9238,1,0.0,0.0,0.0,0.0,0.0,benign_encrypted_v2,BENIGN_ENCRYPTED
1789445516,2,0.046404,808.0,18538.0,18,16,1552,19202,18476,1,0.0,0.25270605087280273,0.0,0.0,0.0,benign_encrypted_v2,BENIGN_ENCRYPTED
1789445517,1,0.019133,404.0,9269.0,9,8,776,9601,9238,1,0.0,0.0,0.0,0.0,0.0,benign_encrypted_v2,BENIGN_ENCRYPTED
1789445518,1,0.019427,404.0,9269.0,9,8,776,9601,9238,1,0.0,0.0,0.0,0.0,0.0,benign_encrypted_v2,BENIGN_ENCRYPTED
1789445521,2,0.0154405,808.0,18538.0,18,16,1552,19202,18476,1,0.0,0.42002105712890625,0.0,0.0,0.0,benign_encrypted_v2,BENIGN_ENCRYPTED
1789445522,1,0.013437,404.0,9269.0,9,8,776,9601,9238,1,0.0,0.0,0.0,0.0,0.0,benign_encrypted_v2,BENIGN_ENCRYPTED
1789445523,1,0.019189,404.0,9269.0,9,8,776,9601,9238,1,0.0,0.0,0.0,0.0,0.0,benign_encrypted_v2,BENIGN_ENCRYPTED
1789445525,1,0.014509,404.0,9269.0,9,8,776,9601,9238,1,0.0,0.0,0.0,0.0,0.0,benign_encrypted_v2,BENIGN_ENCRYPTED
1789445528,2,0.01306,808.0,18538.0,18,16,1552,19202,18476,1,0.0,0.38452887535095215,0.0,0.0,0.0,benign_encrypted_v2,BENIGN_ENCRYPTED
1789445529,1,0.034644,404.0,9269.0,9,8,776,9601,9238,1,0.0,0.0,0.0,0.0,0.0,benign_encrypted_v2,BENIGN_ENCRYPTED
1789445533,3,0.015121333333333334,1212.0,27807.0,27,24,2328,28803,27714,1,0.0,0.4120880365371704,0.04016697406768799,0.0974718276347363,0.0,benign_encrypted_v2,BENIGN_ENCRYPTED
1789445534,1,0.02552,404.0,9269.0,9,8,776,9601,9238,1,0.0,0.0,0.0,0.0,0.0,benign_encrypted_v2,BENIGN_ENCRYPTED
1789445539,1,0.043549,404.0,9269.0,9,8,776,9601,9238,1,0.0,0.0,0.0,0.0,0.0,benign_encrypted_v2,BENIGN_ENCRYPTED
1789445540,1,0.040291,404.0,9269.0,9,8,776,9601,9238,1,0.0,0.0,0.0,0.0,0.0,benign_encrypted_v2,BENIGN_ENCRYPTED
1789445541,1,0.024103,404.0,9269.0,9,8,776,9601,9238,1,0.0,0.0,0.0,0.0,0.0,benign_encrypted_v2,BENIGN_ENCRYPTED
1789445543,2,0.0167365,808.0,18538.0,18,16,1552,19202,18476,1,0.0,0.5948910713195801,0.0,0.0,0.0,benign_encrypted_v2,BENIGN_ENCRYPTED
1789445544,1,0.043778,404.0,9269.0,9,8,776,9601,9238,1,0.0,0.0,0.0,0.0,0.0,benign_encrypted_v2,BENIGN_ENCRYPTED
1789445545,1,0.013964,404.0,9269.0,9,8,776,9601,9238,1,0.0,0.0,0.0,0.0,0.0,benign_encrypted_v2,BENIGN_ENCRYPTED
1789445546,1,0.013487,404.0,9269.0,9,8,776,9601,9238,1,0.0,0.0,0.0,0.0,0.0,benign_encrypted_v2,BENIGN_ENCRYPTED
1789445548,1,0.027513,404.0,9269.0,9,8,776,9601,9238,1,0.0,0.0,0.0,0.0,0.0,benign_encrypted_v2,BENIGN_ENCRYPTED
1789445551,1,0.011746,404.0,9269.0,9,8,776,9601,9238,1,0.0,0.0,0.0,0.0,0.0,benign_encrypted_v2,BENIGN_ENCRYPTED
1789445552,1,0.010584,404.0,9269.0,9,8,776,9601,9238,1,0.0,0.0,0.0,0.0,0.0,benign_encrypted_v2,BENIGN_ENCRYPTED
1789445556,3,0.011244333333333334,1212.0,27807.0,27,24,2328,28803,27714,1,0.0,0.4575904607772827,0.15971553325653076,0.3490359763733517,0.0,benign_encrypted_v2,BENIGN_ENCRYPTED
1789445557,1,0.034152,404.0,9269.0,10,8,816,9601,9238,1,0.0,0.0,0.0,0.0,0.0,benign_encrypted_v2,BENIGN_ENCRYPTED
1789445560,1,0.012281,404.0,9269.0,9,8,776,9601,9238,1,0.0,0.0,0.0,0.0,0.0,benign_encrypted_v2,BENIGN_ENCRYPTED
1789445561,2,0.0138615,808.0,18538.0,18,18,1552,19282,18476,1,0.0,0.36175084114074707,0.0,0.0,0.0,benign_encrypted_v2,BENIGN_ENCRYPTED
1789445562,1,0.026306,404.0,9269.0,9,8,776,9601,9238,1,0.0,0.0,0.0,0.0,0.0,benign_encrypted_v2,BENIGN_ENCRYPTED
1789445564,1,0.020008,404.0,9269.0,9,8,776,9601,9238,1,0.0,0.0,0.0,0.0,0.0,benign_encrypted_v2,BENIGN_ENCRYPTED
1789445565,1,0.015771,404.0,9269.0,10,8,816,9601,9238,1,0.0,0.0,0.0,0.0,0.0,benign_encrypted_v2,BENIGN_ENCRYPTED
1789445566,1,0.011666,404.0,9269.0,9,8,776,9601,9238,1,0.0,0.0,0.0,0.0,0.0,benign_encrypted_v2,BENIGN_ENCRYPTED
1789445567,1,0.016682,404.0,9269.0,9,8,776,9601,9238,1,0.0,0.0,0.0,0.0,0.0,benign_encrypted_v2,BENIGN_ENCRYPTED
1789445571,1,0.021654,404.0,9269.0,10,8,816,9601,9238,1,0.0,0.0,0.0,0.0,0.0,benign_encrypted_v2,BENIGN_ENCRYPTED
1789447455,1,5.795131,614.0,8382.0,11,12,1066,8874,8209,1,0.0,0.0,0.0,0.0,0.0,benign_encrypted_v3,BENIGN_ENCRYPTED
1789447464,1,5.580666,2953.0,7073.0,11,12,3405,7565,9507,1,0.0,0.0,0.0,0.0,0.0,benign_encrypted_v3,BENIGN_ENCRYPTED
1789447474,1,6.052289,2761.0,7073.0,11,12,3213,7565,9222,1,0.0,0.0,0.0,0.0,0.0,benign_encrypted_v3,BENIGN_ENCRYPTED
1789447486,1,2.626405,655.0,839.0,8,7,987,1131,911,1,0.0,0.0,0.0,0.0,1.0,benign_encrypted_v3,BENIGN_ENCRYPTED
1789447491,1,1.319051,946.0,282.0,6,5,1198,494,895,1,0.0,0.0,0.0,0.0,1.0,benign_encrypted_v3,BENIGN_ENCRYPTED
1789447495,1,3.219658,1103.0,839.0,8,7,1435,1131,1452,1,0.0,0.0,0.0,0.0,1.0,benign_encrypted_v3,BENIGN_ENCRYPTED
1789447502,1,3.456501,1644.0,7073.0,11,10,2096,7485,8227,1,0.0,0.0,0.0,0.0,1.0,benign_encrypted_v3,BENIGN_ENCRYPTED
1789447509,1,0.554748,1458.0,282.0,6,5,1710,494,1407,1,0.0,0.0,0.0,0.0,1.0,benign_encrypted_v3,BENIGN_ENCRYPTED
1789447511,1,2.345474,562.0,839.0,7,6,854,1091,911,1,0.0,0.0,0.0,0.0,1.0,benign_encrypted_v3,BENIGN_ENCRYPTED
1789447515,1,4.370187,4105.0,7073.0,11,12,4557,7565,10845,1,0.0,0.0,0.0,0.0,0.0,benign_encrypted_v3,BENIGN_ENCRYPTED
1789447523,1,5.684595,4233.0,7073.0,12,11,4725,7525,10816,1,0.0,0.0,0.0,0.0,1.0,benign_encrypted_v3,BENIGN_ENCRYPTED
1789447532,1,2.138416,498.0,839.0,7,6,790,1091,911,1,0.0,0.0,0.0,0.0,1.0,benign_encrypted_v3,BENIGN_ENCRYPTED
1789447537,1,6.29661,3657.0,7073.0,11,12,4109,7565,10304,1,0.0,0.0,0.0,0.0,0.0,benign_encrypted_v3,BENIGN_ENCRYPTED
1789447546,1,1.896697,2575.0,839.0,8,7,2907,1131,2988,1,0.0,0.0,0.0,0.0,1.0,benign_encrypted_v3,BENIGN_ENCRYPTED
1789447549,1,4.29223,3692.0,7073.0,10,11,4104,7525,10275,1,0.0,0.0,0.0,0.0,0.0,benign_encrypted_v3,BENIGN_ENCRYPTED
1789447558,1,6.446213,3081.0,7073.0,11,12,3533,7565,9821,1,0.0,0.0,0.0,0.0,0.0,benign_encrypted_v3,BENIGN_ENCRYPTED
1789447569,1,1.480598,2482.0,282.0,6,5,2734,494,2431,1,0.0,0.0,0.0,0.0,1.0,benign_encrypted_v3,BENIGN_ENCRYPTED
1789447574,1,4.595822,1580.0,7073.0,10,11,1992,7525,8227,1,0.0,0.0,0.0,0.0,0.0,benign_encrypted_v3,BENIGN_ENCRYPTED
1789447583,1,3.175562,1103.0,7073.0,10,9,1515,7445,7686,1,0.0,0.0,0.0,0.0,1.0,benign_encrypted_v3,BENIGN_ENCRYPTED
1789447590,1,0.544022,562.0,282.0,6,5,814,494,354,1,0.0,0.0,0.0,0.0,1.0,benign_encrypted_v3,BENIGN_ENCRYPTED
1789447592,1,3.57275,1487.0,7073.0,9,10,1859,7485,8227,1,0.0,0.0,0.0,0.0,0.0,benign_encrypted_v3,BENIGN_ENCRYPTED
1789447605,1,1.569887,2482.0,839.0,7,6,2774,1091,2988,1,0.0,0.0,0.0,0.0,1.0,benign_encrypted_v3,BENIGN_ENCRYPTED
1789447609,1,3.797842,2092.0,7073.0,10,11,2504,7525,8739,1,0.0,0.0,0.0,0.0,0.0,benign_encrypted_v3,BENIGN_ENCRYPTED
1789447618,1,4.411109,4873.0,7073.0,11,12,5325,7565,11299,1,0.0,0.0,0.0,0.0,0.0,benign_encrypted_v3,BENIGN_ENCRYPTED
1789447624,1,3.989172,2540.0,7073.0,10,11,2952,7525,9280,1,0.0,0.0,0.0,0.0,0.0,benign_encrypted_v3,BENIGN_ENCRYPTED
1789447630,1,5.151937,2092.0,7073.0,10,11,2504,7525,8739,1,0.0,0.0,0.0,0.0,0.0,benign_encrypted_v3,BENIGN_ENCRYPTED
1789447641,1,3.919564,2092.0,7073.0,10,11,2504,7525,8739,1,0.0,0.0,0.0,0.0,0.0,benign_encrypted_v3,BENIGN_ENCRYPTED
1789447649,1,1.101491,690.0,282.0,6,5,942,494,639,1,0.0,0.0,0.0,0.0,1.0,benign_encrypted_v3,BENIGN_ENCRYPTED
1789447652,1,0.575481,562.0,282.0,6,5,814,494,354,1,0.0,0.0,0.0,0.0,1.0,benign_encrypted_v3,BENIGN_ENCRYPTED
1789447655,1,2.884914,3692.0,2932.0,10,9,4104,3304,6134,1,0.0,0.0,0.0,0.0,1.0,benign_encrypted_v3,BENIGN_ENCRYPTED
1789447661,1,3.515904,3820.0,7073.0,11,10,4272,7485,10560,1,0.0,0.0,0.0,0.0,1.0,benign_encrypted_v3,BENIGN_ENCRYPTED
1789447668,1,2.318417,1487.0,839.0,8,7,1819,1131,1993,1,0.0,0.0,0.0,0.0,1.0,benign_encrypted_v3,BENIGN_ENCRYPTED
1789447672,1,3.801534,876.0,7073.0,10,11,1288,7525,7430,1,0.0,0.0,0.0,0.0,0.0,benign_encrypted_v3,BENIGN_ENCRYPTED
1789447677,1,3.174313,1743.0,839.0,8,7,2075,1131,2249,1,0.0,0.0,0.0,0.0,1.0,benign_encrypted_v3,BENIGN_ENCRYPTED
1789447684,1,5.45817,4844.0,7073.0,10,11,5256,7525,11584,1,0.0,0.0,0.0,0.0,0.0,benign_encrypted_v3,BENIGN_ENCRYPTED
1789447695,1,3.705896,3116.0,7073.0,10,11,3528,7525,9763,1,0.0,0.0,0.0,0.0,0.0,benign_encrypted_v3,BENIGN_ENCRYPTED
1789447703,1,4.717355,3657.0,7073.0,11,12,4109,7565,10304,1,0.0,0.0,0.0,0.0,0.0,benign_encrypted_v3,BENIGN_ENCRYPTED
1789447710,1,2.321048,2924.0,839.0,9,8,3296,1171,3273,1,0.0,0.0,0.0,0.0,1.0,benign_encrypted_v3,BENIGN_ENCRYPTED
1789447714,1,4.245962,1772.0,7073.0,11,10,2224,7485,8198,1,0.0,0.0,0.0,0.0,1.0,benign_encrypted_v3,BENIGN_ENCRYPTED
1789447721,1,5.478813,3180.0,7073.0,11,10,3632,7485,9763,1,0.0,0.0,0.0,0.0,1.0,benign_encrypted_v3,BENIGN_ENCRYPTED
1789447730,1,1.694707,562.0,282.0,6,5,814,494,354,1,0.0,0.0,0.0,0.0,1.0,benign_encrypted_v3,BENIGN_ENCRYPTED
1789447735,1,0.626375,946.0,282.0,6,5,1198,494,895,1,0.0,0.0,0.0,0.0,1.0,benign_encrypted_v3,BENIGN_ENCRYPTED
1789447738,1,3.267204,2575.0,2932.0,9,8,2947,3264,5081,1,0.0,0.0,0.0,0.0,1.0,benign_encrypted_v3,BENIGN_ENCRYPTED
1789447743,1,4.221962,1260.0,7073.0,10,11,1672,7525,7686,1,0.0,0.0,0.0,0.0,0.0,benign_encrypted_v3,BENIGN_ENCRYPTED
1789447754,1,4.776927,2953.0,7073.0,10,12,3365,7565,9507,1,0.0,0.0,0.0,0.0,0.0,benign_encrypted_v3,BENIGN_ENCRYPTED
1789447761,1,6.362109,4006.0,7073.0,12,13,4498,7605,10560,1,0.0,0.0,0.0,0.0,0.0,benign_encrypted_v3,BENIGN_ENCRYPTED
1789447771,1,5.241515,4652.0,7073.0,10,11,5064,7525,11299,1,0.0,0.0,0.0,0.0,0.0,benign_encrypted_v3,BENIGN_ENCRYPTED
1789447781,1,5.497768,2540.0,7073.0,11,10,2992,7485,9280,1,0.0,0.0,0.0,0.0,1.0,benign_encrypted_v3,BENIGN_ENCRYPTED
1789447790,1,4.141591,940.0,7073.0,10,11,1352,7525,7430,1,0.0,0.0,0.0,0.0,0.0,benign_encrypted_v3,BENIGN_ENCRYPTED
1789447797,1,1.929998,2575.0,839.0,8,7,2907,1131,2988,1,0.0,0.0,0.0,0.0,1.0,benign_encrypted_v3,BENIGN_ENCRYPTED
1789447801,1,5.417277,3238.0,7073.0,12,13,3730,7605,9792,1,0.0,0.0,0.0,0.0,0.0,benign_encrypted_v3,BENIGN_ENCRYPTED
1789447810,1,5.550878,3564.0,7073.0,10,11,3976,7525,10304,1,0.0,0.0,0.0,0.0,0.0,benign_encrypted_v3,BENIGN_ENCRYPTED
1789447818,1,4.788648,3308.0,7073.0,10,11,3720,7525,10048,1,0.0,0.0,0.0,0.0,0.0,benign_encrypted_v3,BENIGN_ENCRYPTED
1789447826,1,5.071721,4745.0,7073.0,12,11,5237,7525,11328,1,0.0,0.0,0.0,0.0,1.0,benign_encrypted_v3,BENIGN_ENCRYPTED
1789447833,1,4.434943,3622.0,7073.0,12,13,4114,7605,10048,1,0.0,0.0,0.0,0.0,0.0,benign_encrypted_v3,BENIGN_ENCRYPTED
1789447841,1,1.998448,1551.0,839.0,8,7,1883,1131,1964,1,0.0,0.0,0.0,0.0,1.0,benign_encrypted_v3,BENIGN_ENCRYPTED
1789447844,1,3.511979,1609.0,2932.0,12,10,2101,3344,2022,1,0.0,0.0,0.0,0.0,1.0,benign_encrypted_v3,BENIGN_ENCRYPTED
1789447852,1,3.244521,783.0,7073.0,11,9,1520,7457,7430,1,0.0,0.0,0.0,0.0,1.0,benign_encrypted_v3,BENIGN_ENCRYPTED
1789447859,1,6.014994,4937.0,7073.0,11,12,5389,7565,11584,1,0.0,0.0,0.0,0.0,0.0,benign_encrypted_v3,BENIGN_ENCRYPTED
1789447869,1,1.564709,4559.0,839.0,8,7,4891,1131,5065,1,0.0,0.0,0.0,0.0,1.0,benign_encrypted_v3,BENIGN_ENCRYPTED
1789447873,1,4.165659,1743.0,7073.0,9,10,2115,7485,8483,1,0.0,0.0,0.0,0.0,0.0,benign_encrypted_v3,BENIGN_ENCRYPTED
1789447886,1,4.90933,2185.0,7073.0,11,12,2637,7565,8768,1,0.0,0.0,0.0,0.0,0.0,benign_encrypted_v3,BENIGN_ENCRYPTED
1789447896,1,1.299731,1458.0,839.0,7,6,1750,1091,1964,1,0.0,0.0,0.0,0.0,1.0,benign_encrypted_v3,BENIGN_ENCRYPTED
1789447899,1,4.433025,2249.0,7073.0,10,12,2661,7565,8739,1,0.0,0.0,0.0,0.0,0.0,benign_encrypted_v3,BENIGN_ENCRYPTED
1789447907,1,2.369525,1458.0,2932.0,8,7,1790,3224,4057,1,0.0,0.0,0.0,0.0,1.0,benign_encrypted_v3,BENIGN_ENCRYPTED
1789447913,1,4.381532,1900.0,7073.0,10,11,2312,7525,8483,1,0.0,0.0,0.0,0.0,0.0,benign_encrypted_v3,BENIGN_ENCRYPTED
1789447923,1,5.20885,3785.0,7073.0,11,12,4237,7565,10275,1,0.0,0.0,0.0,0.0,0.0,benign_encrypted_v3,BENIGN_ENCRYPTED
1789447932,1,2.463962,2767.0,2932.0,9,8,3139,3264,5366,1,0.0,0.0,0.0,0.0,1.0,benign_encrypted_v3,BENIGN_ENCRYPTED
1789447937,1,5.519276,1126.0,7073.0,13,12,1658,7565,7430,1,0.0,0.0,0.0,0.0,1.0,benign_encrypted_v3,BENIGN_ENCRYPTED
1789447946,1,5.824427,1865.0,7073.0,11,12,2317,7565,8198,1,0.0,0.0,0.0,0.0,0.0,benign_encrypted_v3,BENIGN_ENCRYPTED
1789447956,1,4.957657,4361.0,7073.0,11,12,4813,7565,11101,1,0.0,0.0,0.0,0.0,0.0,benign_encrypted_v3,BENIGN_ENCRYPTED
1789447964,1,2.650664,2575.0,2932.0,9,8,2947,3264,5081,1,0.0,0.0,0.0,0.0,1.0,benign_encrypted_v3,BENIGN_ENCRYPTED
1789447971,1,2.685881,1103.0,2932.0,9,8,1475,3264,3545,1,0.0,0.0,0.0,0.0,1.0,benign_encrypted_v3,BENIGN_ENCRYPTED
1789447975,1,4.02742,2156.0,7073.0,10,11,2568,7525,8739,1,0.0,0.0,0.0,0.0,0.0,benign_encrypted_v3,BENIGN_ENCRYPTED
1789447984,1,3.984716,3180.0,7073.0,10,11,3592,7525,9763,1,0.0,0.0,0.0,0.0,0.0,benign_encrypted_v3,BENIGN_ENCRYPTED
1789447990,1,2.470739,1458.0,839.0,7,6,1750,1091,1964,1,0.0,0.0,0.0,0.0,1.0,benign_encrypted_v3,BENIGN_ENCRYPTED
1789447994,1,4.965736,3052.0,7073.0,10,11,3464,7525,9792,1,0.0,0.0,0.0,0.0,0.0,benign_encrypted_v3,BENIGN_ENCRYPTED
1789448003,1,4.601294,2860.0,7073.0,10,11,3272,7525,9507,1,0.0,0.0,0.0,0.0,0.0,benign_encrypted_v3,BENIGN_ENCRYPTED
1789448013,1,4.763199,2284.0,7073.0,10,11,2696,7525,9024,1,0.0,0.0,0.0,0.0,0.0,benign_encrypted_v3,BENIGN_ENCRYPTED
1789448021,1,2.041797,3820.0,2932.0,10,9,4232,3304,6419,1,0.0,0.0,0.0,0.0,1.0,benign_encrypted_v3,BENIGN_ENCRYPTED
1789448025,1,3.944004,3820.0,7073.0,10,12,4232,7565,10560,1,0.0,0.0,0.0,0.0,0.0,benign_encrypted_v3,BENIGN_ENCRYPTED
1789448034,1,4.62708,3052.0,2932.0,10,9,3464,3304,5651,1,0.0,0.0,0.0,0.0,1.0,benign_encrypted_v3,BENIGN_ENCRYPTED
1789448042,1,5.290527,3308.0,7073.0,11,10,3760,7485,10048,1,0.0,0.0,0.0,0.0,1.0,benign_encrypted_v3,BENIGN_ENCRYPTED
1789448049,1,4.635524,1772.0,7073.0,10,11,2184,7525,8198,1,0.0,0.0,0.0,0.0,0.0,benign_encrypted_v3,BENIGN_ENCRYPTED
1789448058,1,5.161162,2668.0,7073.0,11,10,3120,7485,9251,1,0.0,0.0,0.0,0.0,1.0,benign_encrypted_v3,BENIGN_ENCRYPTED
1789448066,1,3.225712,3535.0,7073.0,10,9,3947,7445,10275,1,0.0,0.0,0.0,0.0,1.0,benign_encrypted_v3,BENIGN_ENCRYPTED
1789448072,1,3.128725,4559.0,2932.0,9,8,4931,3264,7158,1,0.0,0.0,0.0,0.0,1.0,benign_encrypted_v3,BENIGN_ENCRYPTED
1789448076,1,0.873648,498.0,282.0,6,5,750,494,354,1,0.0,0.0,0.0,0.0,1.0,benign_encrypted_v3,BENIGN_ENCRYPTED
1789448080,1,3.440331,2092.0,2932.0,10,9,2504,3304,4598,1,0.0,0.0,0.0,0.0,1.0,benign_encrypted_v3,BENIGN_ENCRYPTED
1789448087,1,5.35059,5100.0,7073.0,11,10,5552,7485,11840,1,0.0,0.0,0.0,0.0,1.0,benign_encrypted_v3,BENIGN_ENCRYPTED
1789448095,1,1.11841,498.0,282.0,6,5,750,494,354,1,0.0,0.0,0.0,0.0,1.0,benign_encrypted_v3,BENIGN_ENCRYPTED
1789448099,1,4.609732,2668.0,2932.0,10,9,3080,3304,5110,1,0.0,0.0,0.0,0.0,1.0,benign_encrypted_v3,BENIGN_ENCRYPTED
1789448105,1,3.293115,1260.0,7073.0,10,11,1672,7525,7686,1,0.0,0.0,0.0,0.0,0.0,benign_encrypted_v3,BENIGN_ENCRYPTED
1789448117,1,3.78541,2860.0,7073.0,11,10,3312,7485,9507,1,0.0,0.0,0.0,0.0,1.0,benign_encrypted_v3,BENIGN_ENCRYPTED
1789448122,1,3.550554,1103.0,7073.0,10,9,1515,7445,7686,1,0.0,0.0,0.0,0.0,1.0,benign_encrypted_v3,BENIGN_ENCRYPTED
1789448129,1,0.721201,690.0,839.0,7,6,982,1091,1196,1,0.0,0.0,0.0,0.0,1.0,benign_encrypted_v3,BENIGN_ENCRYPTED
1789448133,1,2.23186,690.0,2932.0,8,7,1022,3224,3289,1,0.0,0.0,0.0,0.0,1.0,benign_encrypted_v3,BENIGN_ENCRYPTED
1789448138,1,5.182049,3052.0,7073.0,11,10,3504,7485,9792,1,0.0,0.0,0.0,0.0,1.0,benign_encrypted_v3,BENIGN_ENCRYPTED
1789448146,1,5.22194,2761.0,7073.0,11,12,3213,7565,9251,1,0.0,0.0,0.0,0.0,0.0,benign_encrypted_v3,BENIGN_ENCRYPTED
1789448154,1,6.383465,2889.0,7073.0,12,11,3381,7525,9536,1,0.0,0.0,0.0,0.0,1.0,benign_encrypted_v3,BENIGN_ENCRYPTED
1788761700,1,0.005399,0.0,0.0,4,0,172,0,0,1,0.0,0.0,0.0,0.0,0.0,c2_beacon,C2_BEACON
1788761944,1,0.021652,164.0,2886.0,6,4,416,3046,0,1,0.0,0.0,0.0,0.0,0.0,c2_beacon,C2_BEACON
1788761947,1,0.019009,164.0,2886.0,5,4,376,3046,0,1,0.0,0.0,0.0,0.0,0.0,c2_beacon,C2_BEACON
1788761950,1,0.018621,164.0,2886.0,5,4,376,3046,0,1,0.0,0.0,0.0,0.0,0.0,c2_beacon,C2_BEACON
1788761953,1,0.01949,164.0,2886.0,5,4,376,3046,0,1,0.0,0.0,0.0,0.0,0.0,c2_beacon,C2_BEACON
1788761956,1,0.021807,164.0,2886.0,6,4,416,3046,0,1,0.0,0.0,0.0,0.0,0.0,c2_beacon,C2_BEACON
1788761959,1,0.02072,164.0,2886.0,5,4,376,3046,0,1,0.0,0.0,0.0,0.0,0.0,c2_beacon,C2_BEACON
1788761962,1,0.017656,164.0,2886.0,5,4,376,3046,0,1,0.0,0.0,0.0,0.0,0.0,c2_beacon,C2_BEACON
1788761965,1,0.020164,164.0,2886.0,5,4,376,3046,0,1,0.0,0.0,0.0,0.0,0.0,c2_beacon,C2_BEACON
1788761969,1,0.020711,164.0,2886.0,5,4,376,3046,0,1,0.0,0.0,0.0,0.0,0.0,c2_beacon,C2_BEACON
1788761972,1,0.026762,164.0,2886.0,6,4,416,3046,0,1,0.0,0.0,0.0,0.0,0.0,c2_beacon,C2_BEACON
1788761975,1,0.021802,164.0,2886.0,5,4,376,3046,0,1,0.0,0.0,0.0,0.0,0.0,c2_beacon,C2_BEACON
1788761978,1,0.026408,164.0,2886.0,5,4,376,3046,0,1,0.0,0.0,0.0,0.0,0.0,c2_beacon,C2_BEACON
1788761981,1,0.023663,164.0,2886.0,5,4,376,3046,0,1,0.0,0.0,0.0,0.0,0.0,c2_beacon,C2_BEACON
1788761984,1,0.025116,164.0,2886.0,5,4,376,3046,0,1,0.0,0.0,0.0,0.0,0.0,c2_beacon,C2_BEACON
1788761987,1,0.024856,164.0,2886.0,5,4,376,3046,0,1,0.0,0.0,0.0,0.0,0.0,c2_beacon,C2_BEACON
1788761990,1,0.025489,164.0,2886.0,5,4,376,3046,0,1,0.0,0.0,0.0,0.0,0.0,c2_beacon,C2_BEACON
1788761993,1,0.02772,164.0,2886.0,6,4,416,3046,0,1,0.0,0.0,0.0,0.0,0.0,c2_beacon,C2_BEACON
1788761996,1,0.026088,164.0,2886.0,5,4,376,3046,0,1,0.0,0.0,0.0,0.0,0.0,c2_beacon,C2_BEACON
1788761999,1,0.022798,164.0,2886.0,5,4,376,3046,0,1,0.0,0.0,0.0,0.0,0.0,c2_beacon,C2_BEACON
1788762002,1,0.028796,164.0,2886.0,6,4,416,3046,0,1,0.0,0.0,0.0,0.0,0.0,c2_beacon,C2_BEACON
1788762005,1,0.025494,164.0,2886.0,5,4,376,3046,0,1,0.0,0.0,0.0,0.0,0.0,c2_beacon,C2_BEACON
1788762008,1,0.021957,164.0,2886.0,5,4,376,3046,0,1,0.0,0.0,0.0,0.0,0.0,c2_beacon,C2_BEACON
1788762011,1,0.026888,164.0,2886.0,5,4,376,3046,0,1,0.0,0.0,0.0,0.0,0.0,c2_beacon,C2_BEACON
1788762014,1,0.025744,164.0,2886.0,6,4,416,3046,0,1,0.0,0.0,0.0,0.0,0.0,c2_beacon,C2_BEACON
1788762017,1,0.029398,164.0,2886.0,5,4,376,3046,0,1,0.0,0.0,0.0,0.0,0.0,c2_beacon,C2_BEACON
1788762021,1,0.032779,164.0,2886.0,5,4,376,3046,0,1,0.0,0.0,0.0,0.0,0.0,c2_beacon,C2_BEACON
1788762024,1,0.025626,164.0,2886.0,5,4,376,3046,0,1,0.0,0.0,0.0,0.0,0.0,c2_beacon,C2_BEACON
1788762027,1,0.029829,164.0,2886.0,5,4,376,3046,0,1,0.0,0.0,0.0,0.0,0.0,c2_beacon,C2_BEACON
1788762030,1,0.032204,164.0,2886.0,5,4,376,3046,0,1,0.0,0.0,0.0,0.0,0.0,c2_beacon,C2_BEACON
1788762033,1,0.025587,164.0,2886.0,5,4,376,3046,0,1,0.0,0.0,0.0,0.0,0.0,c2_beacon,C2_BEACON
1788948758,1,0.029841,83.0,3050.0,5,2,295,3000,0,1,0.0,0.0,0.0,0.0,0.0,c2_beacon_extended,C2_BEACON
1788948762,1,0.002126,83.0,3050.0,5,2,295,3000,0,1,0.0,0.0,0.0,0.0,0.0,c2_beacon_extended,C2_BEACON
1788948767,1,0.001349,83.0,3050.0,6,2,335,3000,0,1,0.0,0.0,0.0,0.0,0.0,c2_beacon_extended,C2_BEACON
1788948772,1,0.001508,83.0,3050.0,6,2,335,3000,0,1,0.0,0.0,0.0,0.0,0.0,c2_beacon_extended,C2_BEACON
1788948773,1,0.001339,83.0,3050.0,5,2,295,3000,0,1,0.0,0.0,0.0,0.0,0.0,c2_beacon_extended,C2_BEACON
1788948777,1,0.020147,83.0,3050.0,5,2,295,3000,0,1,0.0,0.0,0.0,0.0,0.0,c2_beacon_extended,C2_BEACON
1788948781,1,0.030649,83.0,3050.0,5,2,295,3000,0,1,0.0,0.0,0.0,0.0,0.0,c2_beacon_extended,C2_BEACON
1788948783,1,0.035024,83.0,3050.0,6,2,335,3000,0,1,0.0,0.0,0.0,0.0,0.0,c2_beacon_extended,C2_BEACON
1788948786,1,0.020165,83.0,3050.0,5,2,295,3000,0,1,0.0,0.0,0.0,0.0,0.0,c2_beacon_extended,C2_BEACON
1788948791,1,0.024949,83.0,3050.0,5,2,295,3000,0,1,0.0,0.0,0.0,0.0,0.0,c2_beacon_extended,C2_BEACON
1788948794,1,0.001229,83.0,3050.0,5,2,295,3000,0,1,0.0,0.0,0.0,0.0,0.0,c2_beacon_extended,C2_BEACON
1788948798,1,0.023803,83.0,3050.0,5,2,295,3000,0,1,0.0,0.0,0.0,0.0,0.0,c2_beacon_extended,C2_BEACON
1788948801,1,0.006638,83.0,3050.0,5,2,295,3000,0,1,0.0,0.0,0.0,0.0,0.0,c2_beacon_extended,C2_BEACON
1788948803,1,0.001214,83.0,3050.0,5,2,295,3000,0,1,0.0,0.0,0.0,0.0,0.0,c2_beacon_extended,C2_BEACON
1788948807,1,0.001516,83.0,3050.0,5,2,295,3000,0,1,0.0,0.0,0.0,0.0,0.0,c2_beacon_extended,C2_BEACON
1788948809,1,0.002275,83.0,3050.0,5,2,295,3000,0,1,0.0,0.0,0.0,0.0,0.0,c2_beacon_extended,C2_BEACON
1788948811,1,0.001449,83.0,3050.0,5,2,295,3000,0,1,0.0,0.0,0.0,0.0,0.0,c2_beacon_extended,C2_BEACON
1788948814,1,0.035331,83.0,3050.0,5,2,295,3000,0,1,0.0,0.0,0.0,0.0,0.0,c2_beacon_extended,C2_BEACON
1788948817,1,0.019258,83.0,3050.0,5,2,295,3000,0,1,0.0,0.0,0.0,0.0,0.0,c2_beacon_extended,C2_BEACON
1788948819,1,0.036635,83.0,3050.0,6,2,335,3000,0,1,0.0,0.0,0.0,0.0,0.0,c2_beacon_extended,C2_BEACON
1788948821,1,0.024841,83.0,3050.0,5,2,295,3000,0,1,0.0,0.0,0.0,0.0,0.0,c2_beacon_extended,C2_BEACON
1788948823,1,0.037972,83.0,3050.0,5,2,295,3000,0,1,0.0,0.0,0.0,0.0,0.0,c2_beacon_extended,C2_BEACON
1788948825,1,0.032497,83.0,3050.0,6,2,335,3000,0,1,0.0,0.0,0.0,0.0,0.0,c2_beacon_extended,C2_BEACON
1788948829,1,0.001703,83.0,3050.0,5,2,295,3000,0,1,0.0,0.0,0.0,0.0,0.0,c2_beacon_extended,C2_BEACON
1788948830,1,0.030855,83.0,3050.0,5,2,295,3000,0,1,0.0,0.0,0.0,0.0,0.0,c2_beacon_extended,C2_BEACON
1788948834,1,0.035516,83.0,3050.0,5,2,295,3000,0,1,0.0,0.0,0.0,0.0,0.0,c2_beacon_extended,C2_BEACON
1788948837,1,0.014511,83.0,3050.0,5,2,295,3000,0,1,0.0,0.0,0.0,0.0,0.0,c2_beacon_extended,C2_BEACON
1788948840,1,0.014016,83.0,3050.0,5,2,295,3000,0,1,0.0,0.0,0.0,0.0,0.0,c2_beacon_extended,C2_BEACON
1788948844,1,0.001272,83.0,3050.0,5,2,295,3000,0,1,0.0,0.0,0.0,0.0,0.0,c2_beacon_extended,C2_BEACON
1788948847,1,0.001482,83.0,3050.0,5,2,295,3000,0,1,0.0,0.0,0.0,0.0,0.0,c2_beacon_extended,C2_BEACON
1788948850,1,0.006153,83.0,3050.0,6,2,335,3000,0,1,0.0,0.0,0.0,0.0,0.0,c2_beacon_extended,C2_BEACON
1788948853,1,0.020534,83.0,3050.0,5,2,295,3000,0,1,0.0,0.0,0.0,0.0,0.0,c2_beacon_extended,C2_BEACON
1788948856,1,0.001287,83.0,3050.0,5,2,295,3000,0,1,0.0,0.0,0.0,0.0,0.0,c2_beacon_extended,C2_BEACON
1788948858,1,0.029847,83.0,3050.0,5,2,295,3000,0,1,0.0,0.0,0.0,0.0,0.0,c2_beacon_extended,C2_BEACON
1788948860,1,0.001457,83.0,3050.0,5,2,295,3000,0,1,0.0,0.0,0.0,0.0,0.0,c2_beacon_extended,C2_BEACON
1788948863,1,0.013116,83.0,3050.0,5,2,295,3000,0,1,0.0,0.0,0.0,0.0,0.0,c2_beacon_extended,C2_BEACON
1788948868,1,0.013331,83.0,3050.0,5,2,295,3000,0,1,0.0,0.0,0.0,0.0,0.0,c2_beacon_extended,C2_BEACON
1788948871,1,0.001371,83.0,3050.0,5,2,295,3000,0,1,0.0,0.0,0.0,0.0,0.0,c2_beacon_extended,C2_BEACON
1788948874,1,0.009923,83.0,3050.0,5,2,295,3000,0,1,0.0,0.0,0.0,0.0,0.0,c2_beacon_extended,C2_BEACON
1788948876,1,0.026916,83.0,3050.0,5,2,295,3000,0,1,0.0,0.0,0.0,0.0,0.0,c2_beacon_extended,C2_BEACON
1788948878,1,0.001292,83.0,3050.0,5,2,295,3000,0,1,0.0,0.0,0.0,0.0,0.0,c2_beacon_extended,C2_BEACON
1788948881,1,0.007791,83.0,3050.0,5,2,295,3000,0,1,0.0,0.0,0.0,0.0,0.0,c2_beacon_extended,C2_BEACON
1788948884,1,0.038812,83.0,3050.0,5,2,295,3000,0,1,0.0,0.0,0.0,0.0,0.0,c2_beacon_extended,C2_BEACON
1788948886,1,0.001488,83.0,3050.0,5,2,295,3000,0,1,0.0,0.0,0.0,0.0,0.0,c2_beacon_extended,C2_BEACON
1788948889,1,0.029792,83.0,3050.0,6,2,335,3000,0,1,0.0,0.0,0.0,0.0,0.0,c2_beacon_extended,C2_BEACON
1788948890,1,0.001465,83.0,3050.0,5,2,295,3000,0,1,0.0,0.0,0.0,0.0,0.0,c2_beacon_extended,C2_BEACON
1788948892,1,0.001413,83.0,3050.0,5,2,295,3000,0,1,0.0,0.0,0.0,0.0,0.0,c2_beacon_extended,C2_BEACON
1788948897,1,0.001394,83.0,3050.0,5,2,295,3000,0,1,0.0,0.0,0.0,0.0,0.0,c2_beacon_extended,C2_BEACON
1788948901,1,0.001464,83.0,3050.0,6,2,335,3000,0,1,0.0,0.0,0.0,0.0,0.0,c2_beacon_extended,C2_BEACON
1788948904,1,0.035599,83.0,3050.0,5,2,295,3000,0,1,0.0,0.0,0.0,0.0,0.0,c2_beacon_extended,C2_BEACON
1788948907,1,0.001447,83.0,3050.0,5,2,295,3000,0,1,0.0,0.0,0.0,0.0,0.0,c2_beacon_extended,C2_BEACON
1788948910,1,0.001285,83.0,3050.0,5,2,295,3000,0,1,0.0,0.0,0.0,0.0,0.0,c2_beacon_extended,C2_BEACON
1788948912,1,0.001874,83.0,3050.0,5,2,295,3000,0,1,0.0,0.0,0.0,0.0,0.0,c2_beacon_extended,C2_BEACON
1788948917,1,0.001387,83.0,3050.0,5,2,295,3000,0,1,0.0,0.0,0.0,0.0,0.0,c2_beacon_extended,C2_BEACON
1788948919,1,0.03291,83.0,3050.0,6,2,335,3000,0,1,0.0,0.0,0.0,0.0,0.0,c2_beacon_extended,C2_BEACON
1788948921,1,0.014615,83.0,3050.0,5,2,295,3000,0,1,0.0,0.0,0.0,0.0,0.0,c2_beacon_extended,C2_BEACON
1788948925,1,0.006136,83.0,3050.0,5,2,295,3000,0,1,0.0,0.0,0.0,0.0,0.0,c2_beacon_extended,C2_BEACON
1788948926,1,0.032588,83.0,3050.0,5,2,295,3000,0,1,0.0,0.0,0.0,0.0,0.0,c2_beacon_extended,C2_BEACON
1788948931,1,0.017018,83.0,3050.0,5,2,295,3000,0,1,0.0,0.0,0.0,0.0,0.0,c2_beacon_extended,C2_BEACON
1788948934,1,0.001588,83.0,3050.0,5,2,295,3000,0,1,0.0,0.0,0.0,0.0,0.0,c2_beacon_extended,C2_BEACON
1788948937,1,0.031024,83.0,3050.0,5,2,295,3000,0,1,0.0,0.0,0.0,0.0,0.0,c2_beacon_extended,C2_BEACON
1788948940,1,0.010463,83.0,3050.0,5,2,295,3000,0,1,0.0,0.0,0.0,0.0,0.0,c2_beacon_extended,C2_BEACON
1788948945,1,0.001306,83.0,3050.0,5,2,295,3000,0,1,0.0,0.0,0.0,0.0,0.0,c2_beacon_extended,C2_BEACON
1788948946,1,0.035818,83.0,3050.0,6,2,335,3000,0,1,0.0,0.0,0.0,0.0,0.0,c2_beacon_extended,C2_BEACON
1788948949,1,0.001306,83.0,3050.0,5,2,295,3000,0,1,0.0,0.0,0.0,0.0,0.0,c2_beacon_extended,C2_BEACON
1788948952,1,0.026734,83.0,3050.0,6,2,335,3000,0,1,0.0,0.0,0.0,0.0,0.0,c2_beacon_extended,C2_BEACON
1788948954,1,0.013723,83.0,3050.0,6,2,335,3000,0,1,0.0,0.0,0.0,0.0,0.0,c2_beacon_extended,C2_BEACON
1788948957,1,0.00131,83.0,3050.0,5,2,295,3000,0,1,0.0,0.0,0.0,0.0,0.0,c2_beacon_extended,C2_BEACON
1788948959,1,0.021155,83.0,3050.0,5,2,295,3000,0,1,0.0,0.0,0.0,0.0,0.0,c2_beacon_extended,C2_BEACON
1788948964,1,0.001614,83.0,3050.0,5,2,295,3000,0,1,0.0,0.0,0.0,0.0,0.0,c2_beacon_extended,C2_BEACON
1788948967,1,0.04013,83.0,3050.0,5,2,295,3000,0,1,0.0,0.0,0.0,0.0,0.0,c2_beacon_extended,C2_BEACON
1788948969,1,0.026894,83.0,3050.0,5,2,295,3000,0,1,0.0,0.0,0.0,0.0,0.0,c2_beacon_extended,C2_BEACON
1788948972,1,0.003282,83.0,3050.0,5,2,295,3000,0,1,0.0,0.0,0.0,0.0,0.0,c2_beacon_extended,C2_BEACON
1788948976,1,0.037786,83.0,3050.0,5,2,295,3000,0,1,0.0,0.0,0.0,0.0,0.0,c2_beacon_extended,C2_BEACON
1788948980,1,0.001226,83.0,3050.0,5,2,295,3000,0,1,0.0,0.0,0.0,0.0,0.0,c2_beacon_extended,C2_BEACON
1788948982,1,0.00124,83.0,3050.0,5,2,295,3000,0,1,0.0,0.0,0.0,0.0,0.0,c2_beacon_extended,C2_BEACON
1788948983,1,0.001314,83.0,3050.0,5,2,295,3000,0,1,0.0,0.0,0.0,0.0,0.0,c2_beacon_extended,C2_BEACON
1788948984,1,0.001507,83.0,3050.0,5,2,295,3000,0,1,0.0,0.0,0.0,0.0,0.0,c2_beacon_extended,C2_BEACON
1788948988,1,0.027903,83.0,3050.0,6,2,335,3000,0,1,0.0,0.0,0.0,0.0,0.0,c2_beacon_extended,C2_BEACON
1788948992,1,0.014423,83.0,3050.0,7,1,375,2960,0,1,0.0,0.0,0.0,0.0,0.0,c2_beacon_extended,C2_BEACON
1788948995,1,0.001599,83.0,3050.0,5,2,295,3000,0,1,0.0,0.0,0.0,0.0,0.0,c2_beacon_extended,C2_BEACON
1788948998,1,0.002138,83.0,3050.0,5,2,295,3000,0,1,0.0,0.0,0.0,0.0,0.0,c2_beacon_extended,C2_BEACON
1788949003,1,0.001395,83.0,3050.0,5,2,295,3000,0,1,0.0,0.0,0.0,0.0,0.0,c2_beacon_extended,C2_BEACON
1788949005,1,0.010706,83.0,3050.0,6,2,335,3000,0,1,0.0,0.0,0.0,0.0,0.0,c2_beacon_extended,C2_BEACON
1788949009,1,0.009795,83.0,3050.0,5,2,295,3000,0,1,0.0,0.0,0.0,0.0,0.0,c2_beacon_extended,C2_BEACON
1788949012,1,0.001928,83.0,3050.0,5,2,295,3000,0,1,0.0,0.0,0.0,0.0,0.0,c2_beacon_extended,C2_BEACON
1788949014,1,0.001185,83.0,3050.0,6,2,335,3000,0,1,0.0,0.0,0.0,0.0,0.0,c2_beacon_extended,C2_BEACON
1788949019,1,0.001853,83.0,3050.0,5,2,295,3000,0,1,0.0,0.0,0.0,0.0,0.0,c2_beacon_extended,C2_BEACON
1788949020,1,0.001572,83.0,3050.0,6,2,335,3000,0,1,0.0,0.0,0.0,0.0,0.0,c2_beacon_extended,C2_BEACON
1788949022,1,0.001341,83.0,3050.0,5,2,295,3000,0,1,0.0,0.0,0.0,0.0,0.0,c2_beacon_extended,C2_BEACON
1788949026,1,0.051958,83.0,3050.0,6,2,335,3000,0,1,0.0,0.0,0.0,0.0,0.0,c2_beacon_extended,C2_BEACON
1788949029,1,0.008942,83.0,3050.0,5,2,295,3000,0,1,0.0,0.0,0.0,0.0,0.0,c2_beacon_extended,C2_BEACON
1788949030,1,0.021134,83.0,3050.0,5,2,295,3000,0,1,0.0,0.0,0.0,0.0,0.0,c2_beacon_extended,C2_BEACON
1788949032,1,0.001759,83.0,3050.0,5,2,295,3000,0,1,0.0,0.0,0.0,0.0,0.0,c2_beacon_extended,C2_BEACON
1788949035,1,0.001408,83.0,3050.0,5,2,295,3000,0,1,0.0,0.0,0.0,0.0,0.0,c2_beacon_extended,C2_BEACON
1788949040,1,0.01876,83.0,3050.0,5,2,295,3000,0,1,0.0,0.0,0.0,0.0,0.0,c2_beacon_extended,C2_BEACON
1788949043,1,0.001369,83.0,3050.0,5,2,295,3000,0,1,0.0,0.0,0.0,0.0,0.0,c2_beacon_extended,C2_BEACON
1788949046,1,0.019513,83.0,3050.0,5,2,295,3000,0,1,0.0,0.0,0.0,0.0,0.0,c2_beacon_extended,C2_BEACON
1788949051,1,0.001111,83.0,3050.0,6,2,335,3000,0,1,0.0,0.0,0.0,0.0,0.0,c2_beacon_extended,C2_BEACON
1788949053,1,0.001325,83.0,3050.0,5,2,295,3000,0,1,0.0,0.0,0.0,0.0,0.0,c2_beacon_extended,C2_BEACON
1789020197,1,0.042338,500000.0,0.0,15,0,500612,0,0,1,0.0,0.0,0.0,0.0,0.0,data_exfiltration,DATA_EXFIL
1789020198,1,0.023828,1000000.0,0.0,28,0,1001132,0,0,1,0.0,0.0,0.0,0.0,0.0,data_exfiltration,DATA_EXFIL
1789020200,1,0.028389,2000000.0,0.0,58,0,2002332,0,0,1,0.0,0.0,0.0,0.0,0.0,data_exfiltration,DATA_EXFIL
1789020201,1,0.009194,500000.0,0.0,18,0,500732,0,0,1,0.0,0.0,0.0,0.0,0.0,data_exfiltration,DATA_EXFIL
1789020202,1,0.018974,1000000.0,0.0,29,0,1001172,0,0,1,0.0,0.0,0.0,0.0,0.0,data_exfiltration,DATA_EXFIL
1789020203,1,0.017517,2000000.0,0.0,50,0,2002012,0,0,1,0.0,0.0,0.0,0.0,0.0,data_exfiltration,DATA_EXFIL
1789020204,1,0.0049,500000.0,0.0,15,0,500612,0,0,1,0.0,0.0,0.0,0.0,0.0,data_exfiltration,DATA_EXFIL
1789020205,1,0.011352,1000000.0,0.0,29,0,1001172,0,0,1,0.0,0.0,0.0,0.0,0.0,data_exfiltration,DATA_EXFIL
1789020207,1,0.019172,2000000.0,0.0,57,0,2002292,0,0,1,0.0,0.0,0.0,0.0,0.0,data_exfiltration,DATA_EXFIL
1789020209,1,0.020922,500000.0,0.0,17,0,500692,0,0,1,0.0,0.0,0.0,0.0,0.0,data_exfiltration,DATA_EXFIL
1789021477,1,0.01651,1000000.0,0.0,28,0,1001132,0,0,1,0.0,0.0,0.0,0.0,0.0,data_exfiltration_v3,DATA_EXFIL
1789021478,1,0.016293,1000000.0,0.0,28,0,1001132,0,0,1,0.0,0.0,0.0,0.0,0.0,data_exfiltration_v3,DATA_EXFIL
1789021479,1,0.010451,1000000.0,0.0,26,0,1001052,0,0,1,0.0,0.0,0.0,0.0,0.0,data_exfiltration_v3,DATA_EXFIL
1789021480,1,0.015124,2000000.0,0.0,52,0,2002092,0,0,1,0.0,0.0,0.0,0.0,0.0,data_exfiltration_v3,DATA_EXFIL
1789021482,1,0.036712,2000000.0,0.0,53,0,2002132,0,0,1,0.0,0.0,0.0,0.0,0.0,data_exfiltration_v3,DATA_EXFIL
1789021483,1,0.007144,500000.0,0.0,18,0,500732,0,0,1,0.0,0.0,0.0,0.0,0.0,data_exfiltration_v3,DATA_EXFIL
1789021484,1,0.008246,500000.0,0.0,18,0,500732,0,0,1,0.0,0.0,0.0,0.0,0.0,data_exfiltration_v3,DATA_EXFIL
1789021485,1,0.009712,2000000.0,0.0,63,0,2002532,0,0,1,0.0,0.0,0.0,0.0,0.0,data_exfiltration_v3,DATA_EXFIL
1789021486,1,0.014012,500000.0,0.0,17,0,500692,0,0,1,0.0,0.0,0.0,0.0,0.0,data_exfiltration_v3,DATA_EXFIL
1789021487,1,0.029161,2000000.0,0.0,61,0,2002452,0,0,1,0.0,0.0,0.0,0.0,0.0,data_exfiltration_v3,DATA_EXFIL
1789021488,1,0.007667,500000.0,0.0,17,0,500692,0,0,1,0.0,0.0,0.0,0.0,0.0,data_exfiltration_v3,DATA_EXFIL
1789021489,1,0.012192,1000000.0,0.0,30,0,1001212,0,0,1,0.0,0.0,0.0,0.0,0.0,data_exfiltration_v3,DATA_EXFIL
1789021490,2,0.011687,2500000.0,0.0,76,0,2503064,0,0,1,0.0,0.9772830009460449,0.0,0.0,0.0,data_exfiltration_v3,DATA_EXFIL
1789021491,1,0.022624,2000000.0,0.0,65,0,2002612,0,0,1,0.0,0.0,0.0,0.0,0.0,data_exfiltration_v3,DATA_EXFIL
1789021492,1,0.01104,1000000.0,0.0,31,0,1001252,0,0,1,0.0,0.0,0.0,0.0,0.0,data_exfiltration_v3,DATA_EXFIL
1789021493,1,0.008309,500000.0,0.0,19,0,500772,0,0,1,0.0,0.0,0.0,0.0,0.0,data_exfiltration_v3,DATA_EXFIL
1789021494,1,0.010246,1000000.0,0.0,31,0,1001252,0,0,1,0.0,0.0,0.0,0.0,0.0,data_exfiltration_v3,DATA_EXFIL
1789021495,1,0.026334,1000000.0,0.0,29,0,1001172,0,0,1,0.0,0.0,0.0,0.0,0.0,data_exfiltration_v3,DATA_EXFIL
1789021497,1,0.01603,2000000.0,0.0,63,0,2002532,0,0,1,0.0,0.0,0.0,0.0,0.0,data_exfiltration_v3,DATA_EXFIL
1789021498,1,0.008819,500000.0,0.0,17,0,500692,0,0,1,0.0,0.0,0.0,0.0,0.0,data_exfiltration_v3,DATA_EXFIL
1789021499,2,0.022884,3000000.0,0.0,86,0,3003464,0,0,1,0.0,0.5429959297180176,0.0,0.0,0.0,data_exfiltration_v3,DATA_EXFIL
1789021500,2,0.009464,3000000.0,0.0,84,0,3003384,0,0,1,0.0,0.7775070667266846,0.0,0.0,0.0,data_exfiltration_v3,DATA_EXFIL
1789021501,1,0.009096,500000.0,0.0,16,0,500652,0,0,1,0.0,0.0,0.0,0.0,0.0,data_exfiltration_v3,DATA_EXFIL
1789021502,1,0.003294,500000.0,0.0,18,0,500732,0,0,1,0.0,0.0,0.0,0.0,0.0,data_exfiltration_v3,DATA_EXFIL
1789021503,1,0.017063,500000.0,0.0,17,0,500692,0,0,1,0.0,0.0,0.0,0.0,0.0,data_exfiltration_v3,DATA_EXFIL
1789021504,1,0.005112,500000.0,0.0,16,0,500652,0,0,1,0.0,0.0,0.0,0.0,0.0,data_exfiltration_v3,DATA_EXFIL
1789021505,1,0.012134,1000000.0,0.0,29,0,1001172,0,0,1,0.0,0.0,0.0,0.0,0.0,data_exfiltration_v3,DATA_EXFIL
1789021506,1,0.006473,500000.0,0.0,19,0,500772,0,0,1,0.0,0.0,0.0,0.0,0.0,data_exfiltration_v3,DATA_EXFIL
1789021507,1,0.012462,1000000.0,0.0,30,0,1001212,0,0,1,0.0,0.0,0.0,0.0,0.0,data_exfiltration_v3,DATA_EXFIL
1789021508,1,0.008544,500000.0,0.0,17,0,500692,0,0,1,0.0,0.0,0.0,0.0,0.0,data_exfiltration_v3,DATA_EXFIL
1789021509,1,0.017096,2000000.0,0.0,50,0,2002012,0,0,1,0.0,0.0,0.0,0.0,0.0,data_exfiltration_v3,DATA_EXFIL
1789021510,1,0.021258,2000000.0,0.0,52,0,2002092,0,0,1,0.0,0.0,0.0,0.0,0.0,data_exfiltration_v3,DATA_EXFIL
1789021511,1,0.012243,2000000.0,0.0,55,0,2002212,0,0,1,0.0,0.0,0.0,0.0,0.0,data_exfiltration_v3,DATA_EXFIL
1789021512,2,0.015102,2500000.0,0.0,68,0,2502744,0,0,1,0.0,0.7026398181915283,0.0,0.0,0.0,data_exfiltration_v3,DATA_EXFIL
1789021513,1,0.025306,2000000.0,0.0,55,0,2002212,0,0,1,0.0,0.0,0.0,0.0,0.0,data_exfiltration_v3,DATA_EXFIL
1789021514,1,0.019362,1000000.0,0.0,37,0,1001492,0,0,1,0.0,0.0,0.0,0.0,0.0,data_exfiltration_v3,DATA_EXFIL
1789021515,1,0.008789,500000.0,0.0,19,0,500772,0,0,1,0.0,0.0,0.0,0.0,0.0,data_exfiltration_v3,DATA_EXFIL
1789021516,1,0.006924,500000.0,0.0,17,0,500692,0,0,1,0.0,0.0,0.0,0.0,0.0,data_exfiltration_v3,DATA_EXFIL
1789021517,2,0.189585,3000000.0,0.0,96,0,3003864,0,0,1,0.0,0.49868011474609375,0.0,0.0,0.0,data_exfiltration_v3,DATA_EXFIL
1789021518,2,0.010075,1500000.0,0.0,47,0,1501904,0,0,1,0.0,0.37608981132507324,0.0,0.0,0.0,data_exfiltration_v3,DATA_EXFIL
1789021519,1,0.010895,1000000.0,0.0,29,0,1001172,0,0,1,0.0,0.0,0.0,0.0,0.0,data_exfiltration_v3,DATA_EXFIL
1789021520,2,0.009673000000000001,1500000.0,0.0,53,0,1502144,0,0,1,0.0,0.48285984992980957,0.0,0.0,0.0,data_exfiltration_v3,DATA_EXFIL
1789021521,1,0.022349,2000000.0,0.0,55,0,2002212,0,0,1,0.0,0.0,0.0,0.0,0.0,data_exfiltration_v3,DATA_EXFIL
1789021522,2,0.010020000000000001,2000000.0,0.0,58,0,2002344,0,0,1,0.0,0.4468519687652588,0.0,0.0,0.0,data_exfiltration_v3,DATA_EXFIL
1789021524,1,0.008871,500000.0,0.0,19,0,500772,0,0,1,0.0,0.0,0.0,0.0,0.0,data_exfiltration_v3,DATA_EXFIL
1789021525,1,0.012864,1000000.0,0.0,27,0,1001092,0,0,1,0.0,0.0,0.0,0.0,0.0,data_exfiltration_v3,DATA_EXFIL
1789021526,1,0.017559,1000000.0,0.0,31,0,1001252,0,0,1,0.0,0.0,0.0,0.0,0.0,data_exfiltration_v3,DATA_EXFIL
1789021527,1,0.013281,1000000.0,0.0,28,0,1001132,0,0,1,0.0,0.0,0.0,0.0,0.0,data_exfiltration_v3,DATA_EXFIL
1789021528,2,0.014443500000000001,3000000.0,0.0,106,0,3004264,0,0,1,0.0,0.5068731307983398,0.0,0.0,0.0,data_exfiltration_v3,DATA_EXFIL
1789021529,1,0.010125,500000.0,0.0,16,0,500652,0,0,1,0.0,0.0,0.0,0.0,0.0,data_exfiltration_v3,DATA_EXFIL
1789021530,1,0.00567,500000.0,0.0,16,0,500652,0,0,1,0.0,0.0,0.0,0.0,0.0,data_exfiltration_v3,DATA_EXFIL
1789021531,1,0.012046,1000000.0,0.0,28,0,1001132,0,0,1,0.0,0.0,0.0,0.0,0.0,data_exfiltration_v3,DATA_EXFIL
1789021532,1,0.007705,500000.0,0.0,17,0,500692,0,0,1,0.0,0.0,0.0,0.0,0.0,data_exfiltration_v3,DATA_EXFIL
1789021533,1,0.010746,1000000.0,0.0,31,0,1001252,0,0,1,0.0,0.0,0.0,0.0,0.0,data_exfiltration_v3,DATA_EXFIL
1789021534,2,0.0128465,2500000.0,0.0,70,0,2502824,0,0,1,0.0,0.3453359603881836,0.0,0.0,0.0,data_exfiltration_v3,DATA_EXFIL
1789021535,1,0.005528,1000000.0,0.0,27,0,1001092,0,0,1,0.0,0.0,0.0,0.0,0.0,data_exfiltration_v3,DATA_EXFIL
1789021537,2,0.16604750000000001,2500000.0,0.0,81,0,2503264,0,0,1,0.0,0.6767251491546631,0.0,0.0,0.0,data_exfiltration_v3,DATA_EXFIL
1789021539,1,0.00488,500000.0,0.0,19,0,500772,0,0,1,0.0,0.0,0.0,0.0,0.0,data_exfiltration_v3,DATA_EXFIL
1789021540,1,0.015441,1000000.0,0.0,28,0,1001132,0,0,1,0.0,0.0,0.0,0.0,0.0,data_exfiltration_v3,DATA_EXFIL
1789021541,1,0.012555,500000.0,0.0,18,0,500732,0,0,1,0.0,0.0,0.0,0.0,0.0,data_exfiltration_v3,DATA_EXFIL
1789021542,1,0.023341,2000000.0,0.0,61,0,2002452,0,0,1,0.0,0.0,0.0,0.0,0.0,data_exfiltration_v3,DATA_EXFIL
1789021543,1,0.007583,500000.0,0.0,20,0,500812,0,0,1,0.0,0.0,0.0,0.0,0.0,data_exfiltration_v3,DATA_EXFIL
1789021544,1,0.015382,2000000.0,0.0,61,0,2002452,0,0,1,0.0,0.0,0.0,0.0,0.0,data_exfiltration_v3,DATA_EXFIL
1789021545,1,0.351585,1000000.0,0.0,37,0,1001492,0,0,1,0.0,0.0,0.0,0.0,0.0,data_exfiltration_v3,DATA_EXFIL
1789021546,1,0.010797,1000000.0,0.0,28,0,1001132,0,0,1,0.0,0.0,0.0,0.0,0.0,data_exfiltration_v3,DATA_EXFIL
1789021547,1,0.017221,2000000.0,0.0,76,0,2003052,0,0,1,0.0,0.0,0.0,0.0,0.0,data_exfiltration_v3,DATA_EXFIL
1789021549,1,0.027655,2000000.0,0.0,50,0,2002012,0,0,1,0.0,0.0,0.0,0.0,0.0,data_exfiltration_v3,DATA_EXFIL
1789021550,1,0.023783,500000.0,0.0,17,0,500692,0,0,1,0.0,0.0,0.0,0.0,0.0,data_exfiltration_v3,DATA_EXFIL
1789021551,1,0.008498,1000000.0,0.0,26,0,1001052,0,0,1,0.0,0.0,0.0,0.0,0.0,data_exfiltration_v3,DATA_EXFIL
1789021552,1,0.013473,1000000.0,0.0,27,0,1001092,0,0,1,0.0,0.0,0.0,0.0,0.0,data_exfiltration_v3,DATA_EXFIL
1789021553,1,0.007641,1000000.0,0.0,34,0,1001372,0,0,1,0.0,0.0,0.0,0.0,0.0,data_exfiltration_v3,DATA_EXFIL
1789021554,1,0.009655,500000.0,0.0,18,0,500732,0,0,1,0.0,0.0,0.0,0.0,0.0,data_exfiltration_v3,DATA_EXFIL
1789021555,2,0.023296499999999998,3000000.0,0.0,94,0,3003784,0,0,1,0.0,0.4470200538635254,0.0,0.0,0.0,data_exfiltration_v3,DATA_EXFIL
1789021556,2,0.0109055,1500000.0,0.0,46,0,1501864,0,0,1,0.0,0.7566471099853516,0.0,0.0,0.0,data_exfiltration_v3,DATA_EXFIL
1789021558,1,0.011923,1000000.0,0.0,30,0,1001212,0,0,1,0.0,0.0,0.0,0.0,0.0,data_exfiltration_v3,DATA_EXFIL
1789021559,1,0.008876,1000000.0,0.0,28,0,1001132,0,0,1,0.0,0.0,0.0,0.0,0.0,data_exfiltration_v3,DATA_EXFIL
1789021560,1,0.022966,2000000.0,0.0,58,0,2002332,0,0,1,0.0,0.0,0.0,0.0,0.0,data_exfiltration_v3,DATA_EXFIL
1789021561,1,0.011779,1000000.0,0.0,32,0,1001292,0,0,1,0.0,0.0,0.0,0.0,0.0,data_exfiltration_v3,DATA_EXFIL
1789021562,1,0.012521,2000000.0,0.0,52,0,2002092,0,0,1,0.0,0.0,0.0,0.0,0.0,data_exfiltration_v3,DATA_EXFIL
1789021563,1,0.020063,2000000.0,0.0,53,0,2002132,0,0,1,0.0,0.0,0.0,0.0,0.0,data_exfiltration_v3,DATA_EXFIL
1789021564,1,0.013816,500000.0,0.0,17,0,500692,0,0,1,0.0,0.0,0.0,0.0,0.0,data_exfiltration_v3,DATA_EXFIL
1789021565,1,0.005798,1000000.0,0.0,30,0,1001212,0,0,1,0.0,0.0,0.0,0.0,0.0,data_exfiltration_v3,DATA_EXFIL
1789021566,1,0.008162,500000.0,0.0,16,0,500652,0,0,1,0.0,0.0,0.0,0.0,0.0,data_exfiltration_v3,DATA_EXFIL
1789021567,1,0.009371,500000.0,0.0,17,0,500692,0,0,1,0.0,0.0,0.0,0.0,0.0,data_exfiltration_v3,DATA_EXFIL
1789021568,1,0.008304,500000.0,0.0,16,0,500652,0,0,1,0.0,0.0,0.0,0.0,0.0,data_exfiltration_v3,DATA_EXFIL
1789021569,2,0.0102215,1000000.0,0.0,36,0,1001464,0,0,1,0.0,0.4027831554412842,0.0,0.0,0.0,data_exfiltration_v3,DATA_EXFIL
1788675481,35757,0.0001086948010179825,0.0,0.0,35757,3073,1430280,122920,0,1,1.0,8.611700947965628e-06,5.44104753951403e-05,6.318203073226071,0.0,ddos_syn,DDOS_SYN
1788675482,109485,7.593398182399416e-05,0.0,0.0,109485,9940,4379400,397600,0,1,1.0,9.127607178685437e-06,5.456420174145612e-05,5.977930543381961,0.0,ddos_syn,DDOS_SYN
1788675483,108239,0.00014210596919779378,0.0,0.0,108239,10028,4329560,401120,0,1,1.0,9.238732055174599e-06,5.5530775286670764e-05,6.010648967308026,0.0,ddos_syn,DDOS_SYN
1788675484,113788,0.00015211408935915914,0.0,0.0,113788,10371,4551520,414840,0,1,1.0,8.788270541397473e-06,4.70824503052137e-05,5.3574193105947385,0.0,ddos_syn,DDOS_SYN
1788675485,108441,0.00020787802583893547,0.0,0.0,108441,10556,4337640,422240,0,1,1.0,9.2216146603496e-06,5.507835415688759e-05,5.972745141228827,0.0,ddos_syn,DDOS_SYN
1788675486,112528,0.00010452585134366559,0.0,0.0,112528,10297,4501120,411880,0,1,1.0,8.886684029329055e-06,4.9162924600782474e-05,5.5322012618574306,0.0,ddos_syn,DDOS_SYN
1788675487,111536,0.00019095492038444988,0.0,0.0,111536,10828,4461440,433120,0,1,1.0,8.965769838858214e-06,5.051340228914691e-05,5.634028443404674,0.0,ddos_syn,DDOS_SYN
1788675488,107307,6.456493052643351e-05,0.0,0.0,107307,10469,4292280,418760,0,1,1.0,9.31899229806927e-06,5.6584038533618956e-05,6.071905279430499,0.0,ddos_syn,DDOS_SYN
1788675489,106020,0.00014988228636106396,0.0,0.0,106020,10460,4240800,418400,0,1,1.0,9.432082672345104e-06,5.917690097672805e-05,6.274001515087957,0.0,ddos_syn,DDOS_SYN
1788675490,106400,6.775225563909775e-05,0.0,0.0,106400,10621,4256000,424840,0,1,1.0,9.390558037666315e-06,5.62171128190912e-05,5.986557198581773,0.0,ddos_syn,DDOS_SYN
1788675491,108299,6.94276678455018e-05,0.0,0.0,108299,10569,4331960,422760,0,1,1.0,9.229118076506149e-06,5.5424221329660894e-05,6.0053648539560935,0.0,ddos_syn,DDOS_SYN
1788675492,77872,5.0705388329566464e-05,0.0,0.0,77872,7926,3114880,317040,0,1,1.0,1.0380024390768014e-05,7.086731195031092e-05,6.8272779795527505,0.0,ddos_syn,DDOS_SYN
1788758407,21,0.0,0.0,0.0,21,0,1449,0,0,1,1.0,0.0395066499710083,0.05999738885845005,1.5186655639614786,0.0,dga_dns,DGA_DNS
1788758408,21,0.0,0.0,0.0,21,0,1449,0,0,1,1.0,0.038028395175933837,0.05757885557283858,1.5141016418509607,0.0,dga_dns,DGA_DNS
1788758409,24,0.0,0.0,0.0,24,0,1656,0,0,1,1.0,0.039211729298467224,0.05884257100584157,1.5006369792556358,0.0,dga_dns,DGA_DNS
1788758410,24,0.0,0.0,0.0,24,0,1656,0,0,1,1.0,0.03951052997423255,0.05921649045417171,1.4987521172910292,0.0,dga_dns,DGA_DNS
1788758411,24,0.0,0.0,0.0,24,0,1656,0,0,1,1.0,0.03688386212224546,0.05520765725392858,1.4967970835307847,0.0,dga_dns,DGA_DNS
1788758412,27,0.0,0.0,0.0,27,0,1863,0,0,1,1.0,0.03664650366856502,0.05455624617236036,1.4887162678811874,0.0,dga_dns,DGA_DNS
1788758413,21,0.0,0.0,0.0,21,0,1449,0,0,1,1.0,0.038760042190551756,0.058993646562949156,1.522022248400173,0.0,dga_dns,DGA_DNS
1788758414,24,0.0,0.0,0.0,24,0,1656,0,0,1,1.0,0.03750130404596743,0.05621007963564802,1.4988833339434866,0.0,dga_dns,DGA_DNS
1788758415,24,0.0,0.0,0.0,24,0,1656,0,0,1,1.0,0.04027782315793245,0.06040744363954617,1.4997693247394213,0.0,dga_dns,DGA_DNS
1788758416,24,0.0,0.0,0.0,24,0,1656,0,0,1,1.0,0.04016791219296663,0.06016753627817041,1.4979005129548582,0.0,dga_dns,DGA_DNS
1788758417,21,0.0,0.0,0.0,21,0,1449,0,0,1,1.0,0.03775755167007446,0.057362593112311844,1.5192349761855923,0.0,dga_dns,DGA_DNS
1788758418,24,0.0,0.0,0.0,24,0,1656,0,0,1,1.0,0.04106468739716903,0.061519810258043275,1.4981195318263743,0.0,dga_dns,DGA_DNS
1788758419,21,0.0,0.0,0.0,21,0,1449,0,0,1,1.0,0.03851020336151123,0.058428927635579615,1.517232383508419,0.0,dga_dns,DGA_DNS
1788754454,3,0.0,0.0,0.0,3,0,197,0,0,1,1.0,0.0007735490798950195,0.00041854381561279297,0.5410695022345507,0.0,dns_tunnel,DNS_TUNNEL
1788755805,18,0.0,0.0,0.0,18,0,1482,0,0,1,1.0,0.03670599881340476,0.05646528414852492,1.538312155339149,0.0,dns_tunnel,DNS_TUNNEL
1788755806,24,0.0,0.0,0.0,24,0,1976,0,0,1,1.0,0.03908817664436672,0.058502487755313505,1.4966798857767831,0.0,dns_tunnel,DNS_TUNNEL
1788755807,24,0.0,0.0,0.0,24,0,1976,0,0,1,1.0,0.0375693880993387,0.0562823471287855,1.4980905991858884,0.0,dns_tunnel,DNS_TUNNEL
1788755808,24,0.0,0.0,0.0,24,0,1976,0,0,1,1.0,0.03780317306518555,0.05682196877200524,1.5031005115370821,0.0,dns_tunnel,DNS_TUNNEL
1788755809,27,0.0,0.0,0.0,27,0,2223,0,0,1,1.0,0.03592542501596304,0.05367134237301474,1.4939654116594727,0.0,dns_tunnel,DNS_TUNNEL
1788755810,24,0.0,0.0,0.0,24,0,1976,0,0,1,1.0,0.03559000595756199,0.05338995599330778,1.5001390012963385,0.0,dns_tunnel,DNS_TUNNEL
1788755811,24,0.0,0.0,0.0,24,0,1976,0,0,1,1.0,0.036477607229481575,0.05457173724866671,1.4960339066472887,0.0,dns_tunnel,DNS_TUNNEL
1788755812,24,0.0,0.0,0.0,24,0,1976,0,0,1,1.0,0.039521217346191406,0.059400087374941374,1.5029923510356054,0.0,dns_tunnel,DNS_TUNNEL
1788755813,24,0.0,0.0,0.0,24,0,1976,0,0,1,1.0,0.03935699877531632,0.05899105342170973,1.4988707283927192,0.0,dns_tunnel,DNS_TUNNEL
1788755814,24,0.0,0.0,0.0,24,0,1976,0,0,1,1.0,0.03924456886623217,0.05878308774888602,1.4978655504982676,0.0,dns_tunnel,DNS_TUNNEL
1788755815,21,0.0,0.0,0.0,21,0,1729,0,0,1,1.0,0.0391273021697998,0.05919221653588416,1.5128110872303218,0.0,dns_tunnel,DNS_TUNNEL
1788755816,24,0.0,0.0,0.0,24,0,1976,0,0,1,1.0,0.03814308539680813,0.05739360307286505,1.504692199799543,0.0,dns_tunnel,DNS_TUNNEL
1788755817,24,0.0,0.0,0.0,24,0,1976,0,0,1,1.0,0.03971143390821374,0.059677765746398735,1.502785466884268,0.0,dns_tunnel,DNS_TUNNEL
1788755818,24,0.0,0.0,0.0,24,0,1976,0,0,1,1.0,0.04037681869838549,0.060556191431980745,1.4997761929768416,0.0,dns_tunnel,DNS_TUNNEL
1788755819,24,0.0,0.0,0.0,24,0,1976,0,0,1,1.0,0.03815695513849673,0.05726228523145882,1.5007037386399482,0.0,dns_tunnel,DNS_TUNNEL
1788755820,24,0.0,0.0,0.0,24,0,1976,0,0,1,1.0,0.03645491600036621,0.05462749601703862,1.4984946342076293,0.0,dns_tunnel,DNS_TUNNEL
1788755821,24,0.0,0.0,0.0,24,0,1976,0,0,1,1.0,0.037065557811571205,0.05568007632855932,1.5022052713092313,0.0,dns_tunnel,DNS_TUNNEL
1788755822,24,0.0,0.0,0.0,24,0,1976,0,0,1,1.0,0.037215865176656975,0.05604744224230846,1.5060093854129522,0.0,dns_tunnel,DNS_TUNNEL
1788755823,24,0.0,0.0,0.0,24,0,1976,0,0,1,1.0,0.03919287349866784,0.05859977758830175,1.4951641040122652,0.0,dns_tunnel,DNS_TUNNEL
1788755824,24,0.0,0.0,0.0,24,0,1976,0,0,1,1.0,0.03747104561847189,0.05613181197906247,1.4980049542944027,0.0,dns_tunnel,DNS_TUNNEL
1788755825,27,0.0,0.0,0.0,27,0,2223,0,0,1,1.0,0.03670308223137489,0.05454585038158556,1.4861381405989424,0.0,dns_tunnel,DNS_TUNNEL
1788755826,21,0.0,0.0,0.0,21,0,1729,0,0,1,1.0,0.03856589794158936,0.05894845653034153,1.5285124858138381,0.0,dns_tunnel,DNS_TUNNEL
1788755827,27,0.0,0.0,0.0,27,0,2223,0,0,1,1.0,0.036991504522470325,0.055120348710852266,1.4900812881879313,0.0,dns_tunnel,DNS_TUNNEL
1788755828,24,0.0,0.0,0.0,24,0,1976,0,0,1,1.0,0.03776687124501104,0.05639386882155466,1.493209973781035,0.0,dns_tunnel,DNS_TUNNEL
1788755829,24,0.0,0.0,0.0,24,0,1976,0,0,1,1.0,0.036312041075333305,0.05444325776805795,1.4993169250692753,0.0,dns_tunnel,DNS_TUNNEL
1788755830,24,0.0,0.0,0.0,24,0,1976,0,0,1,1.0,0.039384385813837464,0.059070815884294685,1.4998536771275615,0.0,dns_tunnel,DNS_TUNNEL
1788755831,21,0.0,0.0,0.0,21,0,1729,0,0,1,1.0,0.039980947971343994,0.06056177309709742,1.5147658114686164,0.0,dns_tunnel,DNS_TUNNEL
1788755832,27,0.0,0.0,0.0,27,0,2223,0,0,1,1.0,0.036347077443049505,0.05407526790514364,1.4877473433695345,0.0,dns_tunnel,DNS_TUNNEL
1788755833,24,0.0,0.0,0.0,24,0,1976,0,0,1,1.0,0.03780253037162449,0.05677808804481222,1.5019652781611479,0.0,dns_tunnel,DNS_TUNNEL
1788755834,24,0.0,0.0,0.0,24,0,1976,0,0,1,1.0,0.038201601608939796,0.05748260961774365,1.5047172683014365,0.0,dns_tunnel,DNS_TUNNEL
1788755835,24,0.0,0.0,0.0,24,0,1976,0,0,1,1.0,0.03849300094272779,0.05783228239032537,1.502410333670054,0.0,dns_tunnel,DNS_TUNNEL
1788755836,24,0.0,0.0,0.0,24,0,1976,0,0,1,1.0,0.03866990752842115,0.057990330655565255,1.4996242391566157,0.0,dns_tunnel,DNS_TUNNEL
1788755837,25,0.0,0.0,0.0,25,0,2049,0,0,1,1.0,0.03922166426976522,0.054965347201972575,1.4014027253897963,0.0,dns_tunnel,DNS_TUNNEL
1788755838,26,0.0,0.0,0.0,26,0,2150,0,0,1,1.0,0.03850983619689941,0.055732880586891465,1.4472375395712214,0.0,dns_tunnel,DNS_TUNNEL
1788755839,24,0.0,0.0,0.0,24,0,1976,0,0,1,1.0,0.03575047202732252,0.05368686835325378,1.5017107553775306,0.0,dns_tunnel,DNS_TUNNEL
1788755840,27,0.0,0.0,0.0,27,0,2223,0,0,1,1.0,0.03605846258310171,0.05369119450391632,1.489003985685123,0.0,dns_tunnel,DNS_TUNNEL
1788755841,24,0.0,0.0,0.0,24,0,1976,0,0,1,1.0,0.038806345151818314,0.05800018524535244,1.4946057150820033,0.0,dns_tunnel,DNS_TUNNEL
1788755842,24,0.0,0.0,0.0,24,0,1976,0,0,1,1.0,0.037624867066093116,0.0564759794525628,1.5010280130254063,0.0,dns_tunnel,DNS_TUNNEL
1788755843,24,0.0,0.0,0.0,24,0,1976,0,0,1,1.0,0.03831217599951703,0.05733590385903774,1.496545219978122,0.0,dns_tunnel,DNS_TUNNEL
1788755844,24,0.0,0.0,0.0,24,0,1976,0,0,1,1.0,0.03889695457790209,0.05841613669165897,1.5018177470594574,0.0,dns_tunnel,DNS_TUNNEL
1788755845,24,0.0,0.0,0.0,24,0,1976,0,0,1,1.0,0.03799816836481509,0.057081841154229436,1.5022261232750664,0.0,dns_tunnel,DNS_TUNNEL
1788755846,24,0.0,0.0,0.0,24,0,1976,0,0,1,1.0,0.03727399784585704,0.05606268745665717,1.5040696114352667,0.0,dns_tunnel,DNS_TUNNEL
1788755847,21,0.0,0.0,0.0,21,0,1729,0,0,1,1.0,0.03718509674072266,0.05632575488234783,1.5147400388678725,0.0,dns_tunnel,DNS_TUNNEL
1788755848,27,0.0,0.0,0.0,27,0,2223,0,0,1,1.0,0.03780468610616831,0.0561683604709325,1.485751272029949,0.0,dns_tunnel,DNS_TUNNEL
1788755849,24,0.0,0.0,0.0,24,0,1976,0,0,1,1.0,0.0382107340771219,0.057189552972321374,1.4966881519966075,0.0,dns_tunnel,DNS_TUNNEL
1788755850,24,0.0,0.0,0.0,24,0,1976,0,0,1,1.0,0.03678504280422045,0.05520423884041142,1.5007251489205193,0.0,dns_tunnel,DNS_TUNNEL
1788755851,24,0.0,0.0,0.0,24,0,1976,0,0,1,1.0,0.038749736288319465,0.0581027424572184,1.4994358161537376,0.0,dns_tunnel,DNS_TUNNEL
1788755852,21,0.0,0.0,0.0,21,0,1729,0,0,1,1.0,0.036975300312042235,0.055854922010575736,1.5106009022024014,0.0,dns_tunnel,DNS_TUNNEL
1788755853,24,0.0,0.0,0.0,24,0,1976,0,0,1,1.0,0.038955823234889816,0.058559961644150206,1.5032402547638226,0.0,dns_tunnel,DNS_TUNNEL
1788755854,24,0.0,0.0,0.0,24,0,1976,0,0,1,1.0,0.038029784741608993,0.057351867014736754,1.5080776134919103,0.0,dns_tunnel,DNS_TUNNEL
1788755855,24,0.0,0.0,0.0,24,0,1976,0,0,1,1.0,0.03840168662693189,0.05795922888006406,1.5092886269067165,0.0,dns_tunnel,DNS_TUNNEL
1788755856,24,0.0,0.0,0.0,24,0,1976,0,0,1,1.0,0.03873152318208114,0.05820536247066817,1.5027904324092387,0.0,dns_tunnel,DNS_TUNNEL
1788755857,24,0.0,0.0,0.0,24,0,1976,0,0,1,1.0,0.038450427677320397,0.05768828350392419,1.5003287866665538,0.0,dns_tunnel,DNS_TUNNEL
1788755858,24,0.0,0.0,0.0,24,0,1976,0,0,1,1.0,0.03809247846188753,0.0574406571654199,1.5079264853530259,0.0,dns_tunnel,DNS_TUNNEL
1788755859,24,0.0,0.0,0.0,24,0,1976,0,0,1,1.0,0.036649952764096466,0.05509241508220049,1.5032056231235005,0.0,dns_tunnel,DNS_TUNNEL
1788755860,24,0.0,0.0,0.0,24,0,1976,0,0,1,1.0,0.03837503557619841,0.05754295015692525,1.4994891677081723,0.0,dns_tunnel,DNS_TUNNEL
1788755861,24,0.0,0.0,0.0,24,0,1976,0,0,1,1.0,0.038930965506512184,0.05828861951990903,1.4972302577535301,0.0,dns_tunnel,DNS_TUNNEL
1788755862,24,0.0,0.0,0.0,24,0,1976,0,0,1,1.0,0.039036616035129715,0.0585547808146994,1.4999963306759212,0.0,dns_tunnel,DNS_TUNNEL
1788755863,24,0.0,0.0,0.0,24,0,1976,0,0,1,1.0,0.03852199471515158,0.05757663560260832,1.494643152005888,0.0,dns_tunnel,DNS_TUNNEL
1788755864,24,0.0,0.0,0.0,24,0,1976,0,0,1,1.0,0.03691295955492103,0.05532823941800357,1.4988838631506458,0.0,dns_tunnel,DNS_TUNNEL
1788755865,24,0.0,0.0,0.0,24,0,1976,0,0,1,1.0,0.037980349167533546,0.05716070047788836,1.505007240079578,0.0,dns_tunnel,DNS_TUNNEL
1788755866,24,0.0,0.0,0.0,24,0,1976,0,0,1,1.0,0.03917517869368843,0.058671958998317494,1.4976819750351316,0.0,dns_tunnel,DNS_TUNNEL
1788755867,12,0.0,0.0,0.0,12,0,988,0,0,1,1.0,0.035049265081232246,0.056649540404612994,1.6162832593869993,0.0,dns_tunnel,DNS_TUNNEL
1789099029,1,0.084285,305.0,1463.0,8,6,637,1715,1432,1,0.0,0.0,0.0,0.0,1.0,encrypted_malware,ENCRYPTED_MALWARE
1789099031,1,0.003959,439.0,140.0,7,6,731,392,353,1,0.0,0.0,0.0,0.0,1.0,encrypted_malware,ENCRYPTED_MALWARE
1789099034,1,0.003666,439.0,140.0,7,6,731,392,353,1,0.0,0.0,0.0,0.0,1.0,encrypted_malware,ENCRYPTED_MALWARE
1789099038,1,0.003733,439.0,140.0,7,6,731,392,353,1,0.0,0.0,0.0,0.0,1.0,encrypted_malware,ENCRYPTED_MALWARE
1789099040,1,0.003108,439.0,140.0,7,6,731,392,353,1,0.0,0.0,0.0,0.0,1.0,encrypted_malware,ENCRYPTED_MALWARE
1789099045,1,0.003136,439.0,140.0,7,6,731,392,353,1,0.0,0.0,0.0,0.0,1.0,encrypted_malware,ENCRYPTED_MALWARE
1789099049,1,0.003886,439.0,140.0,7,6,731,392,353,1,0.0,0.0,0.0,0.0,1.0,encrypted_malware,ENCRYPTED_MALWARE
1789099051,1,0.003206,439.0,140.0,7,6,731,392,353,1,0.0,0.0,0.0,0.0,1.0,encrypted_malware,ENCRYPTED_MALWARE
1789099053,1,0.003896,439.0,140.0,7,6,731,392,353,1,0.0,0.0,0.0,0.0,1.0,encrypted_malware,ENCRYPTED_MALWARE
1789099057,1,0.003836,439.0,140.0,7,6,731,392,353,1,0.0,0.0,0.0,0.0,1.0,encrypted_malware,ENCRYPTED_MALWARE
1789099060,1,0.004396,439.0,140.0,7,6,731,392,353,1,0.0,0.0,0.0,0.0,1.0,encrypted_malware,ENCRYPTED_MALWARE
1789099062,1,0.003752,439.0,140.0,7,6,731,392,353,1,0.0,0.0,0.0,0.0,1.0,encrypted_malware,ENCRYPTED_MALWARE
1789099064,1,0.003071,439.0,140.0,7,6,731,392,353,1,0.0,0.0,0.0,0.0,1.0,encrypted_malware,ENCRYPTED_MALWARE
1789099068,1,0.004359,439.0,140.0,7,6,731,392,353,1,0.0,0.0,0.0,0.0,1.0,encrypted_malware,ENCRYPTED_MALWARE
1789099072,1,0.004865,439.0,140.0,7,6,731,392,353,1,0.0,0.0,0.0,0.0,1.0,encrypted_malware,ENCRYPTED_MALWARE
1789099073,1,0.003423,439.0,140.0,7,6,731,392,353,1,0.0,0.0,0.0,0.0,1.0,encrypted_malware,ENCRYPTED_MALWARE
1789099075,1,0.003039,439.0,140.0,7,6,731,392,353,1,0.0,0.0,0.0,0.0,1.0,encrypted_malware,ENCRYPTED_MALWARE
1789099076,1,0.003949,439.0,140.0,7,6,731,392,353,1,0.0,0.0,0.0,0.0,1.0,encrypted_malware,ENCRYPTED_MALWARE
1789099078,1,0.004362,439.0,140.0,7,6,731,392,353,1,0.0,0.0,0.0,0.0,1.0,encrypted_malware,ENCRYPTED_MALWARE
1789099081,1,0.003688,439.0,140.0,7,6,731,392,353,1,0.0,0.0,0.0,0.0,1.0,encrypted_malware,ENCRYPTED_MALWARE
1789099083,1,0.004498,439.0,140.0,7,6,731,392,353,1,0.0,0.0,0.0,0.0,1.0,encrypted_malware,ENCRYPTED_MALWARE
1789099089,1,0.003471,439.0,140.0,7,6,731,392,353,1,0.0,0.0,0.0,0.0,1.0,encrypted_malware,ENCRYPTED_MALWARE
1789099092,1,0.004102,439.0,140.0,7,6,731,392,353,1,0.0,0.0,0.0,0.0,1.0,encrypted_malware,ENCRYPTED_MALWARE
1789099096,1,0.004389,439.0,140.0,7,6,731,392,353,1,0.0,0.0,0.0,0.0,1.0,encrypted_malware,ENCRYPTED_MALWARE
1789099099,1,0.002931,439.0,140.0,7,6,731,392,353,1,0.0,0.0,0.0,0.0,1.0,encrypted_malware,ENCRYPTED_MALWARE
1789099100,1,0.004007,439.0,140.0,7,6,731,392,353,1,0.0,0.0,0.0,0.0,1.0,encrypted_malware,ENCRYPTED_MALWARE
1789099104,1,0.003455,439.0,140.0,7,6,731,392,353,1,0.0,0.0,0.0,0.0,1.0,encrypted_malware,ENCRYPTED_MALWARE
1789099106,1,0.004057,439.0,140.0,7,6,731,392,353,1,0.0,0.0,0.0,0.0,1.0,encrypted_malware,ENCRYPTED_MALWARE
1789099110,1,0.003152,439.0,140.0,7,6,731,392,353,1,0.0,0.0,0.0,0.0,1.0,encrypted_malware,ENCRYPTED_MALWARE
1789099113,1,0.003762,439.0,140.0,7,6,731,392,353,1,0.0,0.0,0.0,0.0,1.0,encrypted_malware,ENCRYPTED_MALWARE
1789099116,1,0.003751,439.0,140.0,7,6,731,392,353,1,0.0,0.0,0.0,0.0,1.0,encrypted_malware,ENCRYPTED_MALWARE
1789099121,1,0.003576,439.0,140.0,7,6,731,392,353,1,0.0,0.0,0.0,0.0,1.0,encrypted_malware,ENCRYPTED_MALWARE
1789099125,1,0.003732,439.0,140.0,7,6,731,392,353,1,0.0,0.0,0.0,0.0,1.0,encrypted_malware,ENCRYPTED_MALWARE
1789099126,1,0.004126,439.0,140.0,7,6,731,392,353,1,0.0,0.0,0.0,0.0,1.0,encrypted_malware,ENCRYPTED_MALWARE
1789099129,1,0.004141,439.0,140.0,7,6,731,392,353,1,0.0,0.0,0.0,0.0,1.0,encrypted_malware,ENCRYPTED_MALWARE
1789099132,1,0.004315,439.0,140.0,7,6,731,392,353,1,0.0,0.0,0.0,0.0,1.0,encrypted_malware,ENCRYPTED_MALWARE
1789099134,1,0.003573,439.0,140.0,7,6,731,392,353,1,0.0,0.0,0.0,0.0,1.0,encrypted_malware,ENCRYPTED_MALWARE
1789099139,1,0.003413,439.0,140.0,7,6,731,392,353,1,0.0,0.0,0.0,0.0,1.0,encrypted_malware,ENCRYPTED_MALWARE
1789099144,1,0.00354,439.0,140.0,7,6,731,392,353,1,0.0,0.0,0.0,0.0,1.0,encrypted_malware,ENCRYPTED_MALWARE
1789099148,1,0.003992,439.0,140.0,7,6,731,392,353,1,0.0,0.0,0.0,0.0,1.0,encrypted_malware,ENCRYPTED_MALWARE
1789099150,1,0.003335,439.0,140.0,7,6,731,392,353,1,0.0,0.0,0.0,0.0,1.0,encrypted_malware,ENCRYPTED_MALWARE
1789099152,1,0.0031,439.0,140.0,7,6,731,392,353,1,0.0,0.0,0.0,0.0,1.0,encrypted_malware,ENCRYPTED_MALWARE
1789099156,1,0.009255,439.0,140.0,7,6,731,392,353,1,0.0,0.0,0.0,0.0,1.0,encrypted_malware,ENCRYPTED_MALWARE
1789099157,1,0.003614,439.0,140.0,7,6,731,392,353,1,0.0,0.0,0.0,0.0,1.0,encrypted_malware,ENCRYPTED_MALWARE
1789099159,1,0.003943,439.0,140.0,7,6,731,392,353,1,0.0,0.0,0.0,0.0,1.0,encrypted_malware,ENCRYPTED_MALWARE
1789099161,1,0.003495,439.0,140.0,7,6,731,392,353,1,0.0,0.0,0.0,0.0,1.0,encrypted_malware,ENCRYPTED_MALWARE
1789099165,1,0.004263,439.0,140.0,7,6,731,392,353,1,0.0,0.0,0.0,0.0,1.0,encrypted_malware,ENCRYPTED_MALWARE
1789099168,1,0.003515,439.0,140.0,7,6,731,392,353,1,0.0,0.0,0.0,0.0,1.0,encrypted_malware,ENCRYPTED_MALWARE
1789099172,1,0.003393,439.0,140.0,7,6,731,392,353,1,0.0,0.0,0.0,0.0,1.0,encrypted_malware,ENCRYPTED_MALWARE
1789099176,1,0.003202,439.0,140.0,7,6,731,392,353,1,0.0,0.0,0.0,0.0,1.0,encrypted_malware,ENCRYPTED_MALWARE
1789099180,1,0.003586,439.0,140.0,7,6,731,392,353,1,0.0,0.0,0.0,0.0,1.0,encrypted_malware,ENCRYPTED_MALWARE
1789099183,1,0.003252,439.0,140.0,7,6,731,392,353,1,0.0,0.0,0.0,0.0,1.0,encrypted_malware,ENCRYPTED_MALWARE
1789099185,1,0.003168,439.0,140.0,7,6,731,392,353,1,0.0,0.0,0.0,0.0,1.0,encrypted_malware,ENCRYPTED_MALWARE
1789099186,1,0.004934,439.0,140.0,7,6,731,392,353,1,0.0,0.0,0.0,0.0,1.0,encrypted_malware,ENCRYPTED_MALWARE
1789099191,1,0.004074,439.0,140.0,7,6,731,392,353,1,0.0,0.0,0.0,0.0,1.0,encrypted_malware,ENCRYPTED_MALWARE
1789099194,1,0.003198,439.0,140.0,7,6,731,392,353,1,0.0,0.0,0.0,0.0,1.0,encrypted_malware,ENCRYPTED_MALWARE
1789099198,1,0.005459,439.0,140.0,7,6,731,392,353,1,0.0,0.0,0.0,0.0,1.0,encrypted_malware,ENCRYPTED_MALWARE
1789099202,1,0.007765,439.0,140.0,6,5,691,352,353,1,0.0,0.0,0.0,0.0,1.0,encrypted_malware,ENCRYPTED_MALWARE
1789099205,1,0.005167,439.0,140.0,7,6,731,392,353,1,0.0,0.0,0.0,0.0,1.0,encrypted_malware,ENCRYPTED_MALWARE
1789099208,1,0.006084,439.0,140.0,7,6,731,392,353,1,0.0,0.0,0.0,0.0,1.0,encrypted_malware,ENCRYPTED_MALWARE
1789099211,1,0.004864,439.0,140.0,7,6,731,392,353,1,0.0,0.0,0.0,0.0,1.0,encrypted_malware,ENCRYPTED_MALWARE
1789099213,1,0.002818,439.0,140.0,7,6,731,392,353,1,0.0,0.0,0.0,0.0,1.0,encrypted_malware,ENCRYPTED_MALWARE
1789099215,1,0.006443,439.0,140.0,7,6,731,392,353,1,0.0,0.0,0.0,0.0,1.0,encrypted_malware,ENCRYPTED_MALWARE
1789099217,1,0.004988,439.0,140.0,7,6,731,392,353,1,0.0,0.0,0.0,0.0,1.0,encrypted_malware,ENCRYPTED_MALWARE
1789099220,1,0.002678,439.0,140.0,7,6,731,392,353,1,0.0,0.0,0.0,0.0,1.0,encrypted_malware,ENCRYPTED_MALWARE
1789099222,1,0.003413,439.0,140.0,7,6,731,392,353,1,0.0,0.0,0.0,0.0,1.0,encrypted_malware,ENCRYPTED_MALWARE
1789099225,1,0.003355,439.0,140.0,7,6,731,392,353,1,0.0,0.0,0.0,0.0,1.0,encrypted_malware,ENCRYPTED_MALWARE
1789099229,1,0.003802,439.0,140.0,7,6,731,392,353,1,0.0,0.0,0.0,0.0,1.0,encrypted_malware,ENCRYPTED_MALWARE
1789099233,1,0.004138,439.0,140.0,7,6,731,392,353,1,0.0,0.0,0.0,0.0,1.0,encrypted_malware,ENCRYPTED_MALWARE
1789099237,1,0.00328,439.0,140.0,7,6,731,392,353,1,0.0,0.0,0.0,0.0,1.0,encrypted_malware,ENCRYPTED_MALWARE
1789099242,1,0.003314,439.0,140.0,7,6,731,392,353,1,0.0,0.0,0.0,0.0,1.0,encrypted_malware,ENCRYPTED_MALWARE
1789099244,1,0.003491,439.0,140.0,7,6,731,392,353,1,0.0,0.0,0.0,0.0,1.0,encrypted_malware,ENCRYPTED_MALWARE
1789099246,1,0.002975,439.0,140.0,7,6,731,392,353,1,0.0,0.0,0.0,0.0,1.0,encrypted_malware,ENCRYPTED_MALWARE
1789099250,1,0.003376,439.0,140.0,7,6,731,392,353,1,0.0,0.0,0.0,0.0,1.0,encrypted_malware,ENCRYPTED_MALWARE
1789099254,1,0.003446,439.0,140.0,7,6,731,392,353,1,0.0,0.0,0.0,0.0,1.0,encrypted_malware,ENCRYPTED_MALWARE
1789099257,1,0.003068,439.0,140.0,7,6,731,392,353,1,0.0,0.0,0.0,0.0,1.0,encrypted_malware,ENCRYPTED_MALWARE
1789099259,1,0.004287,439.0,140.0,7,6,731,392,353,1,0.0,0.0,0.0,0.0,1.0,encrypted_malware,ENCRYPTED_MALWARE
1789099262,1,0.003744,439.0,140.0,7,6,731,392,353,1,0.0,0.0,0.0,0.0,1.0,encrypted_malware,ENCRYPTED_MALWARE
1789099266,1,0.004309,439.0,140.0,6,5,691,352,353,1,0.0,0.0,0.0,0.0,1.0,encrypted_malware,ENCRYPTED_MALWARE
1789099271,1,0.004524,439.0,140.0,7,6,731,392,353,1,0.0,0.0,0.0,0.0,1.0,encrypted_malware,ENCRYPTED_MALWARE
1789099275,1,0.003446,439.0,140.0,7,6,731,392,353,1,0.0,0.0,0.0,0.0,1.0,encrypted_malware,ENCRYPTED_MALWARE
1789099277,1,0.003763,439.0,140.0,7,6,731,392,353,1,0.0,0.0,0.0,0.0,1.0,encrypted_malware,ENCRYPTED_MALWARE
1789099278,1,0.003138,439.0,140.0,7,6,731,392,353,1,0.0,0.0,0.0,0.0,1.0,encrypted_malware,ENCRYPTED_MALWARE
1789099280,1,0.003281,439.0,140.0,7,6,731,392,353,1,0.0,0.0,0.0,0.0,1.0,encrypted_malware,ENCRYPTED_MALWARE
1789099285,1,0.002947,439.0,140.0,7,6,731,392,353,1,0.0,0.0,0.0,0.0,1.0,encrypted_malware,ENCRYPTED_MALWARE
1789099288,1,0.003239,439.0,140.0,7,6,731,392,353,1,0.0,0.0,0.0,0.0,1.0,encrypted_malware,ENCRYPTED_MALWARE
1789099290,1,0.004398,439.0,140.0,7,6,731,392,353,1,0.0,0.0,0.0,0.0,1.0,encrypted_malware,ENCRYPTED_MALWARE
1789099293,1,0.0037,439.0,140.0,7,6,731,392,353,1,0.0,0.0,0.0,0.0,1.0,encrypted_malware,ENCRYPTED_MALWARE
1789099295,1,0.003274,439.0,140.0,7,6,731,392,353,1,0.0,0.0,0.0,0.0,1.0,encrypted_malware,ENCRYPTED_MALWARE
1789099299,1,0.004121,439.0,140.0,7,6,731,392,353,1,0.0,0.0,0.0,0.0,1.0,encrypted_malware,ENCRYPTED_MALWARE
1789099304,1,0.004275,439.0,140.0,6,5,691,352,353,1,0.0,0.0,0.0,0.0,1.0,encrypted_malware,ENCRYPTED_MALWARE
1789099306,1,0.003243,439.0,140.0,7,6,731,392,353,1,0.0,0.0,0.0,0.0,1.0,encrypted_malware,ENCRYPTED_MALWARE
1789099307,1,0.002974,439.0,140.0,7,6,731,392,353,1,0.0,0.0,0.0,0.0,1.0,encrypted_malware,ENCRYPTED_MALWARE
1789099311,1,0.005151,439.0,140.0,7,6,731,392,353,1,0.0,0.0,0.0,0.0,1.0,encrypted_malware,ENCRYPTED_MALWARE
1789099314,1,0.003365,439.0,140.0,7,6,731,392,353,1,0.0,0.0,0.0,0.0,1.0,encrypted_malware,ENCRYPTED_MALWARE
1789099316,1,0.003704,439.0,140.0,7,6,731,392,353,1,0.0,0.0,0.0,0.0,1.0,encrypted_malware,ENCRYPTED_MALWARE
1789099320,1,0.002771,439.0,140.0,7,6,731,392,353,1,0.0,0.0,0.0,0.0,1.0,encrypted_malware,ENCRYPTED_MALWARE
1789099323,1,0.003093,439.0,140.0,7,6,731,392,353,1,0.0,0.0,0.0,0.0,1.0,encrypted_malware,ENCRYPTED_MALWARE
1789099326,1,0.003001,439.0,140.0,7,6,731,392,353,1,0.0,0.0,0.0,0.0,1.0,encrypted_malware,ENCRYPTED_MALWARE
1789099331,1,0.00481,439.0,140.0,7,6,731,392,353,1,0.0,0.0,0.0,0.0,1.0,encrypted_malware,ENCRYPTED_MALWARE
1789102330,1,7.518043,704.0,140.0,11,10,1156,552,353,1,0.0,0.0,0.0,0.0,1.0,encrypted_malware_final,ENCRYPTED_MALWARE
1789102340,1,12.78019,1134.0,140.0,13,12,1666,632,353,1,0.0,0.0,0.0,0.0,1.0,encrypted_malware_final,ENCRYPTED_MALWARE
1789102355,1,6.867168,652.0,140.0,10,9,1064,512,353,1,0.0,0.0,0.0,0.0,1.0,encrypted_malware_final,ENCRYPTED_MALWARE
1789102366,1,11.338789,1256.0,140.0,13,12,1788,632,353,1,0.0,0.0,0.0,0.0,1.0,encrypted_malware_final,ENCRYPTED_MALWARE
1789102381,1,5.044548,769.0,140.0,10,9,1181,512,353,1,0.0,0.0,0.0,0.0,1.0,encrypted_malware_final,ENCRYPTED_MALWARE
1789102390,1,7.143641,780.0,140.0,10,9,1192,512,353,1,0.0,0.0,0.0,0.0,1.0,encrypted_malware_final,ENCRYPTED_MALWARE
1789102399,1,4.607624,735.0,140.0,10,9,1147,512,353,1,0.0,0.0,0.0,0.0,1.0,encrypted_malware_final,ENCRYPTED_MALWARE
1789102407,1,9.109936,1044.0,140.0,13,12,1576,632,353,1,0.0,0.0,0.0,0.0,1.0,encrypted_malware_final,ENCRYPTED_MALWARE
1789102418,1,5.094507,656.0,140.0,10,9,1068,512,353,1,0.0,0.0,0.0,0.0,1.0,encrypted_malware_final,ENCRYPTED_MALWARE
1789102428,1,5.40666,740.0,140.0,10,9,1152,512,353,1,0.0,0.0,0.0,0.0,1.0,encrypted_malware_final,ENCRYPTED_MALWARE
1789102436,1,6.422789,717.0,140.0,10,9,1129,512,353,1,0.0,0.0,0.0,0.0,1.0,encrypted_malware_final,ENCRYPTED_MALWARE
1789102444,1,8.611086,784.0,140.0,11,10,1236,552,353,1,0.0,0.0,0.0,0.0,1.0,encrypted_malware_final,ENCRYPTED_MALWARE
1789102455,1,8.690723,820.0,140.0,11,10,1272,552,353,1,0.0,0.0,0.0,0.0,1.0,encrypted_malware_final,ENCRYPTED_MALWARE
1789102467,1,8.453316,1114.0,140.0,12,11,1606,592,353,1,0.0,0.0,0.0,0.0,1.0,encrypted_malware_final,ENCRYPTED_MALWARE
1789102480,1,12.373692,916.0,140.0,12,11,1408,592,353,1,0.0,0.0,0.0,0.0,1.0,encrypted_malware_final,ENCRYPTED_MALWARE
1789102494,1,7.666667,990.0,140.0,12,11,1482,592,353,1,0.0,0.0,0.0,0.0,1.0,encrypted_malware_final,ENCRYPTED_MALWARE
1789102506,1,12.390018,996.0,140.0,12,11,1488,592,353,1,0.0,0.0,0.0,0.0,1.0,encrypted_malware_final,ENCRYPTED_MALWARE
1789102522,1,15.840085,1139.0,140.0,13,12,1671,632,353,1,0.0,0.0,0.0,0.0,1.0,encrypted_malware_final,ENCRYPTED_MALWARE
1789102541,1,11.484692,1089.0,140.0,12,11,1581,592,353,1,0.0,0.0,0.0,0.0,1.0,encrypted_malware_final,ENCRYPTED_MALWARE
1789102556,1,14.934739,1218.0,140.0,13,12,1750,632,353,1,0.0,0.0,0.0,0.0,1.0,encrypted_malware_final,ENCRYPTED_MALWARE
1789102575,1,9.888421,798.0,140.0,11,10,1250,552,353,1,0.0,0.0,0.0,0.0,1.0,encrypted_malware_final,ENCRYPTED_MALWARE
1789102589,1,3.933404,840.0,140.0,10,9,1252,512,353,1,0.0,0.0,0.0,0.0,1.0,encrypted_malware_final,ENCRYPTED_MALWARE
1789102598,1,7.80623,876.0,140.0,11,10,1328,552,353,1,0.0,0.0,0.0,0.0,1.0,encrypted_malware_final,ENCRYPTED_MALWARE
1789102608,1,8.024733,731.0,140.0,10,9,1143,512,353,1,0.0,0.0,0.0,0.0,1.0,encrypted_malware_final,ENCRYPTED_MALWARE
1789102620,1,6.799509,812.0,140.0,10,9,1224,512,353,1,0.0,0.0,0.0,0.0,1.0,encrypted_malware_final,ENCRYPTED_MALWARE
1789102631,1,9.980388,874.0,140.0,11,10,1326,552,353,1,0.0,0.0,0.0,0.0,1.0,encrypted_malware_final,ENCRYPTED_MALWARE
1789102644,1,12.606995,1244.0,140.0,13,12,1776,632,353,1,0.0,0.0,0.0,0.0,1.0,encrypted_malware_final,ENCRYPTED_MALWARE
1789102660,1,10.924523,885.0,140.0,11,10,1337,552,353,1,0.0,0.0,0.0,0.0,1.0,encrypted_malware_final,ENCRYPTED_MALWARE
1789102674,1,12.332348,1204.0,140.0,13,12,1736,632,353,1,0.0,0.0,0.0,0.0,1.0,encrypted_malware_final,ENCRYPTED_MALWARE
1789102691,1,3.028906,749.0,140.0,10,9,1161,512,353,1,0.0,0.0,0.0,0.0,1.0,encrypted_malware_final,ENCRYPTED_MALWARE
1789102697,1,9.857469,866.0,140.0,10,9,1278,512,353,1,0.0,0.0,0.0,0.0,1.0,encrypted_malware_final,ENCRYPTED_MALWARE
1789102710,1,15.371856,1227.0,140.0,13,12,1759,632,353,1,0.0,0.0,0.0,0.0,1.0,encrypted_malware_final,ENCRYPTED_MALWARE
1789102729,1,7.32677,839.0,140.0,11,10,1291,552,353,1,0.0,0.0,0.0,0.0,1.0,encrypted_malware_final,ENCRYPTED_MALWARE
1789102740,1,9.000347,928.0,140.0,11,10,1380,552,353,1,0.0,0.0,0.0,0.0,1.0,encrypted_malware_final,ENCRYPTED_MALWARE
1789102754,1,6.796885,766.0,140.0,10,9,1178,512,353,1,0.0,0.0,0.0,0.0,1.0,encrypted_malware_final,ENCRYPTED_MALWARE
1789102765,1,12.14523,744.0,140.0,11,10,1196,552,353,1,0.0,0.0,0.0,0.0,1.0,encrypted_malware_final,ENCRYPTED_MALWARE
1789102781,1,5.859024,648.0,140.0,10,9,1060,512,353,1,0.0,0.0,0.0,0.0,1.0,encrypted_malware_final,ENCRYPTED_MALWARE
1789102789,1,11.247994,1114.0,140.0,13,12,1646,632,353,1,0.0,0.0,0.0,0.0,1.0,encrypted_malware_final,ENCRYPTED_MALWARE
1789102805,1,7.785619,751.0,140.0,10,9,1163,512,353,1,0.0,0.0,0.0,0.0,1.0,encrypted_malware_final,ENCRYPTED_MALWARE
1789102818,1,7.121467,859.0,140.0,11,10,1311,552,353,1,0.0,0.0,0.0,0.0,1.0,encrypted_malware_final,ENCRYPTED_MALWARE
1789102826,1,8.558733,930.0,140.0,12,11,1422,592,353,1,0.0,0.0,0.0,0.0,1.0,encrypted_malware_final,ENCRYPTED_MALWARE
1789102838,1,10.122393,1017.0,140.0,12,11,1509,592,353,1,0.0,0.0,0.0,0.0,1.0,encrypted_malware_final,ENCRYPTED_MALWARE
1789102853,1,8.030887,789.0,140.0,10,9,1201,512,353,1,0.0,0.0,0.0,0.0,1.0,encrypted_malware_final,ENCRYPTED_MALWARE
1789102865,1,10.230115,793.0,140.0,11,10,1245,552,353,1,0.0,0.0,0.0,0.0,1.0,encrypted_malware_final,ENCRYPTED_MALWARE
1789102880,1,10.750648,918.0,140.0,11,10,1370,552,353,1,0.0,0.0,0.0,0.0,1.0,encrypted_malware_final,ENCRYPTED_MALWARE
1789102895,1,12.182719,955.0,140.0,12,11,1447,592,353,1,0.0,0.0,0.0,0.0,1.0,encrypted_malware_final,ENCRYPTED_MALWARE
1789102909,1,7.005585,901.0,140.0,11,10,1353,552,353,1,0.0,0.0,0.0,0.0,1.0,encrypted_malware_final,ENCRYPTED_MALWARE
1789102919,1,11.938072,1119.0,140.0,13,12,1651,632,353,1,0.0,0.0,0.0,0.0,1.0,encrypted_malware_final,ENCRYPTED_MALWARE
1789102935,1,8.365382,809.0,140.0,10,9,1221,512,353,1,0.0,0.0,0.0,0.0,1.0,encrypted_malware_final,ENCRYPTED_MALWARE
1789102947,1,11.284319,892.0,140.0,12,11,1384,592,353,1,0.0,0.0,0.0,0.0,1.0,encrypted_malware_final,ENCRYPTED_MALWARE
1789102960,1,17.778926,1148.0,140.0,13,12,1680,632,353,1,0.0,0.0,0.0,0.0,1.0,encrypted_malware_final,ENCRYPTED_MALWARE
1789102982,1,12.223529,1159.0,140.0,13,12,1691,632,353,1,0.0,0.0,0.0,0.0,1.0,encrypted_malware_final,ENCRYPTED_MALWARE
1789102999,1,9.636221,911.0,140.0,11,10,1363,552,353,1,0.0,0.0,0.0,0.0,1.0,encrypted_malware_final,ENCRYPTED_MALWARE
1789103012,1,8.917655,860.0,140.0,10,9,1272,512,353,1,0.0,0.0,0.0,0.0,1.0,encrypted_malware_final,ENCRYPTED_MALWARE
1789103024,1,8.110707,711.0,140.0,10,9,1123,512,353,1,0.0,0.0,0.0,0.0,1.0,encrypted_malware_final,ENCRYPTED_MALWARE
1789103034,1,7.098727,974.0,140.0,12,11,1466,592,353,1,0.0,0.0,0.0,0.0,1.0,encrypted_malware_final,ENCRYPTED_MALWARE
1789103045,1,8.517798,1006.0,140.0,11,10,1458,552,353,1,0.0,0.0,0.0,0.0,1.0,encrypted_malware_final,ENCRYPTED_MALWARE
1789103055,1,8.87085,835.0,140.0,11,10,1287,552,353,1,0.0,0.0,0.0,0.0,1.0,encrypted_malware_final,ENCRYPTED_MALWARE
1789103067,1,12.023039,948.0,140.0,13,12,1480,632,353,1,0.0,0.0,0.0,0.0,1.0,encrypted_malware_final,ENCRYPTED_MALWARE
1789103080,1,9.093006,1104.0,140.0,12,11,1596,592,353,1,0.0,0.0,0.0,0.0,1.0,encrypted_malware_final,ENCRYPTED_MALWARE
1789103092,1,10.63992,924.0,140.0,11,10,1376,552,353,1,0.0,0.0,0.0,0.0,1.0,encrypted_malware_final,ENCRYPTED_MALWARE
1789103106,1,6.221903,775.0,140.0,10,9,1187,512,353,1,0.0,0.0,0.0,0.0,1.0,encrypted_malware_final,ENCRYPTED_MALWARE
1789103118,1,6.622265,756.0,140.0,10,9,1168,512,353,1,0.0,0.0,0.0,0.0,1.0,encrypted_malware_final,ENCRYPTED_MALWARE
1789103128,1,16.526831,1044.0,140.0,13,12,1576,632,353,1,0.0,0.0,0.0,0.0,1.0,encrypted_malware_final,ENCRYPTED_MALWARE
1789103149,1,6.718154,675.0,140.0,10,9,1087,512,353,1,0.0,0.0,0.0,0.0,1.0,encrypted_malware_final,ENCRYPTED_MALWARE
1789103160,1,7.421363,693.0,140.0,10,9,1105,512,353,1,0.0,0.0,0.0,0.0,1.0,encrypted_malware_final,ENCRYPTED_MALWARE
1789103169,1,7.860318,823.0,140.0,10,9,1235,512,353,1,0.0,0.0,0.0,0.0,1.0,encrypted_malware_final,ENCRYPTED_MALWARE
1789103180,1,6.340686,738.0,140.0,10,9,1150,512,353,1,0.0,0.0,0.0,0.0,1.0,encrypted_malware_final,ENCRYPTED_MALWARE
1789103188,1,13.793164,916.0,140.0,12,11,1408,592,353,1,0.0,0.0,0.0,0.0,1.0,encrypted_malware_final,ENCRYPTED_MALWARE
1789103205,1,6.369895,754.0,140.0,10,9,1166,512,353,1,0.0,0.0,0.0,0.0,1.0,encrypted_malware_final,ENCRYPTED_MALWARE
1789103216,1,14.545576,905.0,140.0,13,12,1437,632,353,1,0.0,0.0,0.0,0.0,1.0,encrypted_malware_final,ENCRYPTED_MALWARE
1789103234,1,11.547779,1080.0,140.0,12,11,1572,592,353,1,0.0,0.0,0.0,0.0,1.0,encrypted_malware_final,ENCRYPTED_MALWARE
1789103250,1,10.218486,1026.0,140.0,13,12,1558,632,353,1,0.0,0.0,0.0,0.0,1.0,encrypted_malware_final,ENCRYPTED_MALWARE
1789103263,1,15.967647,1089.0,140.0,13,12,1621,632,353,1,0.0,0.0,0.0,0.0,1.0,encrypted_malware_final,ENCRYPTED_MALWARE
1789103281,1,7.875205,917.0,140.0,11,10,1369,552,353,1,0.0,0.0,0.0,0.0,1.0,encrypted_malware_final,ENCRYPTED_MALWARE
1789103291,1,14.325407,986.0,140.0,12,11,1478,592,353,1,0.0,0.0,0.0,0.0,1.0,encrypted_malware_final,ENCRYPTED_MALWARE
1789103307,1,12.452753,893.0,140.0,13,12,1425,632,353,1,0.0,0.0,0.0,0.0,1.0,encrypted_malware_final,ENCRYPTED_MALWARE
1789103321,1,11.031237,1209.0,140.0,13,12,1741,632,353,1,0.0,0.0,0.0,0.0,1.0,encrypted_malware_final,ENCRYPTED_MALWARE
1789103336,1,11.250075,950.0,140.0,12,11,1442,592,353,1,0.0,0.0,0.0,0.0,1.0,encrypted_malware_final,ENCRYPTED_MALWARE
1789103352,1,7.312348,795.0,140.0,10,9,1207,512,353,1,0.0,0.0,0.0,0.0,1.0,encrypted_malware_final,ENCRYPTED_MALWARE
1789103363,1,13.327462,893.0,140.0,12,11,1385,592,353,1,0.0,0.0,0.0,0.0,1.0,encrypted_malware_final,ENCRYPTED_MALWARE
1789103380,1,15.714808,972.0,140.0,12,11,1464,592,353,1,0.0,0.0,0.0,0.0,1.0,encrypted_malware_final,ENCRYPTED_MALWARE
1789103401,1,11.763921,929.0,140.0,12,11,1421,592,353,1,0.0,0.0,0.0,0.0,1.0,encrypted_malware_final,ENCRYPTED_MALWARE
1789103415,1,11.526342,932.0,140.0,12,11,1424,592,353,1,0.0,0.0,0.0,0.0,1.0,encrypted_malware_final,ENCRYPTED_MALWARE
1789103430,1,6.369996,727.0,140.0,10,9,1139,512,353,1,0.0,0.0,0.0,0.0,1.0,encrypted_malware_final,ENCRYPTED_MALWARE
1789103440,1,7.873655,753.0,140.0,10,9,1165,512,353,1,0.0,0.0,0.0,0.0,1.0,encrypted_malware_final,ENCRYPTED_MALWARE
1789103451,1,14.064023,968.0,140.0,13,12,1500,632,353,1,0.0,0.0,0.0,0.0,1.0,encrypted_malware_final,ENCRYPTED_MALWARE
1789103469,1,10.816172,1057.0,140.0,13,12,1589,632,353,1,0.0,0.0,0.0,0.0,1.0,encrypted_malware_final,ENCRYPTED_MALWARE
1789103481,1,13.405698,1069.0,140.0,13,12,1601,632,353,1,0.0,0.0,0.0,0.0,1.0,encrypted_malware_final,ENCRYPTED_MALWARE
1789103499,1,7.591213,772.0,140.0,10,9,1184,512,353,1,0.0,0.0,0.0,0.0,1.0,encrypted_malware_final,ENCRYPTED_MALWARE
1789103510,1,7.998683,801.0,140.0,10,9,1213,512,353,1,0.0,0.0,0.0,0.0,1.0,encrypted_malware_final,ENCRYPTED_MALWARE
1789103521,1,7.451816,924.0,140.0,11,10,1376,552,353,1,0.0,0.0,0.0,0.0,1.0,encrypted_malware_final,ENCRYPTED_MALWARE
1789103530,1,12.266436,1101.0,140.0,13,12,1633,632,353,1,0.0,0.0,0.0,0.0,1.0,encrypted_malware_final,ENCRYPTED_MALWARE
1789103547,1,14.887236,1109.0,140.0,13,12,1641,632,353,1,0.0,0.0,0.0,0.0,1.0,encrypted_malware_final,ENCRYPTED_MALWARE
1789103566,1,8.721006,938.0,140.0,12,11,1430,592,353,1,0.0,0.0,0.0,0.0,1.0,encrypted_malware_final,ENCRYPTED_MALWARE
1789103579,1,14.172105,1013.0,140.0,12,11,1505,592,353,1,0.0,0.0,0.0,0.0,1.0,encrypted_malware_final,ENCRYPTED_MALWARE
1789103596,1,13.38463,1279.0,140.0,13,12,1811,632,353,1,0.0,0.0,0.0,0.0,1.0,encrypted_malware_final,ENCRYPTED_MALWARE
1789103611,1,8.481072,939.0,140.0,12,11,1431,592,353,1,0.0,0.0,0.0,0.0,1.0,encrypted_malware_final,ENCRYPTED_MALWARE
1789103621,1,6.031298,736.0,140.0,11,10,1188,552,353,1,0.0,0.0,0.0,0.0,1.0,encrypted_malware_final,ENCRYPTED_MALWARE
1789103632,1,8.373553,841.0,140.0,11,10,1293,552,353,1,0.0,0.0,0.0,0.0,1.0,encrypted_malware_final,ENCRYPTED_MALWARE
1789454045,1,10.845477,729.0,3004.0,19,15,1501,3616,2824,1,0.0,0.0,0.0,0.0,1.0,encrypted_malware_v2,ENCRYPTED_MALWARE
1789454057,1,8.785183,669.0,686.0,13,10,1201,1098,602,1,0.0,0.0,0.0,0.0,1.0,encrypted_malware_v2,ENCRYPTED_MALWARE
1789454069,1,11.386322,1031.0,1226.0,19,15,1803,1838,1078,1,0.0,0.0,0.0,0.0,1.0,encrypted_malware_v2,ENCRYPTED_MALWARE
1789454085,1,8.458565,865.0,1156.0,15,11,1477,1608,1219,1,0.0,0.0,0.0,0.0,1.0,encrypted_malware_v2,ENCRYPTED_MALWARE
1789454098,1,9.510876,761.0,884.0,15,12,1385,1486,669,1,0.0,0.0,0.0,0.0,1.0,encrypted_malware_v2,ENCRYPTED_MALWARE
1789454109,1,8.331304,854.0,1401.0,17,15,1546,2013,1535,1,0.0,0.0,0.0,0.0,1.0,encrypted_malware_v2,ENCRYPTED_MALWARE
1789454120,1,14.327521,1039.0,1541.0,19,13,1811,2073,1451,1,0.0,0.0,0.0,0.0,1.0,encrypted_malware_v2,ENCRYPTED_MALWARE
1789454139,1,12.407522,1279.0,1808.0,19,13,2051,2340,2021,1,0.0,0.0,0.0,0.0,1.0,encrypted_malware_v2,ENCRYPTED_MALWARE
1789454155,1,7.166754,886.0,1217.0,15,13,1498,1749,1235,1,0.0,0.0,0.0,0.0,1.0,encrypted_malware_v2,ENCRYPTED_MALWARE
1789454166,1,9.142838,735.0,691.0,13,10,1267,1103,587,1,0.0,0.0,0.0,0.0,1.0,encrypted_malware_v2,ENCRYPTED_MALWARE
1789454178,1,10.99691,1072.0,1191.0,19,13,1844,1723,611,1,0.0,0.0,0.0,0.0,1.0,encrypted_malware_v2,ENCRYPTED_MALWARE
1789454192,1,5.350391,735.0,797.0,13,12,1267,1289,925,1,0.0,0.0,0.0,0.0,1.0,encrypted_malware_v2,ENCRYPTED_MALWARE
1789454201,1,8.455561,803.0,1019.0,15,11,1415,1471,873,1,0.0,0.0,0.0,0.0,1.0,encrypted_malware_v2,ENCRYPTED_MALWARE
1789454211,1,10.786922,1175.0,1241.0,19,14,1947,1813,1024,1,0.0,0.0,0.0,0.0,1.0,encrypted_malware_v2,ENCRYPTED_MALWARE
1789454226,1,12.321845,975.0,1564.0,19,13,1747,2096,1479,1,0.0,0.0,0.0,0.0,1.0,encrypted_malware_v2,ENCRYPTED_MALWARE
1789454242,1,13.691277,1184.0,1383.0,19,13,1956,1915,1153,1,0.0,0.0,0.0,0.0,1.0,encrypted_malware_v2,ENCRYPTED_MALWARE
1789454259,1,11.78405,919.0,960.0,17,12,1611,1452,596,1,0.0,0.0,0.0,0.0,1.0,encrypted_malware_v2,ENCRYPTED_MALWARE
1789454275,1,16.27126,1027.0,1405.0,18,13,1759,1937,1190,1,0.0,0.0,0.0,0.0,1.0,encrypted_malware_v2,ENCRYPTED_MALWARE
1789454293,1,12.766023,1028.0,1230.0,17,12,1720,1722,1083,1,0.0,0.0,0.0,0.0,1.0,encrypted_malware_v2,ENCRYPTED_MALWARE
1789454309,1,12.518112,1252.0,1379.0,19,14,2024,1951,1223,1,0.0,0.0,0.0,0.0,1.0,encrypted_malware_v2,ENCRYPTED_MALWARE
1789454324,1,6.623596,770.0,734.0,13,10,1302,1146,643,1,0.0,0.0,0.0,0.0,1.0,encrypted_malware_v2,ENCRYPTED_MALWARE
1789454335,1,12.971218,1137.0,1388.0,19,13,1909,1920,985,1,0.0,0.0,0.0,0.0,1.0,encrypted_malware_v2,ENCRYPTED_MALWARE
1789454352,1,9.393378,912.0,911.0,15,11,1524,1363,664,1,0.0,0.0,0.0,0.0,1.0,encrypted_malware_v2,ENCRYPTED_MALWARE
1789454363,1,13.899399,1115.0,1503.0,19,15,1887,2115,1460,1,0.0,0.0,0.0,0.0,1.0,encrypted_malware_v2,ENCRYPTED_MALWARE
1789454379,1,7.110208,779.0,1073.0,14,10,1351,1485,1179,1,0.0,0.0,0.0,0.0,1.0,encrypted_malware_v2,ENCRYPTED_MALWARE
1789454389,1,11.369738,690.0,1291.0,15,11,1302,1743,1324,1,0.0,0.0,0.0,0.0,1.0,encrypted_malware_v2,ENCRYPTED_MALWARE
1789454404,1,12.39066,1102.0,1343.0,17,12,1794,1835,1273,1,0.0,0.0,0.0,0.0,1.0,encrypted_malware_v2,ENCRYPTED_MALWARE
1789454420,1,8.870808,841.0,546.0,15,13,1453,1078,353,1,0.0,0.0,0.0,0.0,1.0,encrypted_malware_v2,ENCRYPTED_MALWARE
1789454434,1,10.079005,926.0,845.0,16,11,1578,1297,658,1,0.0,0.0,0.0,0.0,1.0,encrypted_malware_v2,ENCRYPTED_MALWARE
1789454449,1,12.049629,1191.0,1321.0,19,13,1963,1853,1325,1,0.0,0.0,0.0,0.0,1.0,encrypted_malware_v2,ENCRYPTED_MALWARE
1789454464,1,7.627557,717.0,919.0,13,10,1249,1331,952,1,0.0,0.0,0.0,0.0,1.0,encrypted_malware_v2,ENCRYPTED_MALWARE
1789454476,1,10.047829,930.0,1120.0,15,11,1542,1572,1134,1,0.0,0.0,0.0,0.0,1.0,encrypted_malware_v2,ENCRYPTED_MALWARE
1789454487,1,7.244772,977.0,1374.0,17,13,1669,1906,1466,1,0.0,0.0,0.0,0.0,1.0,encrypted_malware_v2,ENCRYPTED_MALWARE
1789454498,1,5.258782,681.0,595.0,13,12,1213,1087,600,1,0.0,0.0,0.0,0.0,1.0,encrypted_malware_v2,ENCRYPTED_MALWARE
1789454508,1,8.004973,836.0,703.0,13,10,1368,1115,827,1,0.0,0.0,0.0,0.0,1.0,encrypted_malware_v2,ENCRYPTED_MALWARE
1789454520,1,12.383127,884.0,1601.0,17,12,1576,2093,1636,1,0.0,0.0,0.0,0.0,1.0,encrypted_malware_v2,ENCRYPTED_MALWARE
1789454536,1,6.674937,674.0,993.0,13,10,1206,1405,1206,1,0.0,0.0,0.0,0.0,1.0,encrypted_malware_v2,ENCRYPTED_MALWARE
1789454546,1,4.814592,707.0,897.0,13,10,1239,1309,945,1,0.0,0.0,0.0,0.0,1.0,encrypted_malware_v2,ENCRYPTED_MALWARE
1789454556,1,10.002697,1013.0,1243.0,17,12,1705,1735,1178,1,0.0,0.0,0.0,0.0,1.0,encrypted_malware_v2,ENCRYPTED_MALWARE
1789454569,1,7.3322,706.0,500.0,13,10,1238,912,353,1,0.0,0.0,0.0,0.0,1.0,encrypted_malware_v2,ENCRYPTED_MALWARE
1789454578,1,8.790089,1014.0,1074.0,17,13,1706,1606,928,1,0.0,0.0,0.0,0.0,1.0,encrypted_malware_v2,ENCRYPTED_MALWARE
1789454588,1,8.854239,746.0,908.0,13,10,1278,1320,1121,1,0.0,0.0,0.0,0.0,1.0,encrypted_malware_v2,ENCRYPTED_MALWARE
1789454602,1,11.425452,992.0,861.0,17,14,1684,1433,663,1,0.0,0.0,0.0,0.0,1.0,encrypted_malware_v2,ENCRYPTED_MALWARE
1789454618,1,6.983348,789.0,887.0,13,10,1321,1299,909,1,0.0,0.0,0.0,0.0,1.0,encrypted_malware_v2,ENCRYPTED_MALWARE
1789454627,1,7.620809,1014.0,1292.0,15,12,1626,1784,1505,1,0.0,0.0,0.0,0.0,1.0,encrypted_malware_v2,ENCRYPTED_MALWARE
1789454637,1,9.766724,941.0,1423.0,17,12,1633,1915,1486,1,0.0,0.0,0.0,0.0,1.0,encrypted_malware_v2,ENCRYPTED_MALWARE
1789454650,1,6.001229,938.0,1186.0,15,13,1550,1718,1399,1,0.0,0.0,0.0,0.0,1.0,encrypted_malware_v2,ENCRYPTED_MALWARE
1789454661,1,9.722018,1031.0,1126.0,17,12,1723,1618,1079,1,0.0,0.0,0.0,0.0,1.0,encrypted_malware_v2,ENCRYPTED_MALWARE
1789454673,1,13.958612,1026.0,1018.0,19,13,1798,1550,793,1,0.0,0.0,0.0,0.0,1.0,encrypted_malware_v2,ENCRYPTED_MALWARE
1789454689,1,7.146729,811.0,705.0,13,10,1343,1117,811,1,0.0,0.0,0.0,0.0,1.0,encrypted_malware_v2,ENCRYPTED_MALWARE
1789454701,1,10.415417,972.0,991.0,17,12,1664,1483,912,1,0.0,0.0,0.0,0.0,1.0,encrypted_malware_v2,ENCRYPTED_MALWARE
1789454716,1,11.811559,819.0,784.0,15,11,1431,1236,605,1,0.0,0.0,0.0,0.0,1.0,encrypted_malware_v2,ENCRYPTED_MALWARE
1789454733,1,5.511158,661.0,814.0,13,10,1193,1226,648,1,0.0,0.0,0.0,0.0,1.0,encrypted_malware_v2,ENCRYPTED_MALWARE
1789454742,1,12.681414,1047.0,1265.0,19,13,1819,1797,966,1,0.0,0.0,0.0,0.0,1.0,encrypted_malware_v2,ENCRYPTED_MALWARE
1789454759,1,13.80855,984.0,1624.0,19,13,1756,2156,1684,1,0.0,0.0,0.0,0.0,1.0,encrypted_malware_v2,ENCRYPTED_MALWARE
1789454776,1,9.88231,911.0,840.0,15,10,1574,1264,623,1,0.0,0.0,0.0,0.0,1.0,encrypted_malware_v2,ENCRYPTED_MALWARE
1789454790,1,13.356866,859.0,1642.0,19,13,1631,2174,1721,1,0.0,0.0,0.0,0.0,1.0,encrypted_malware_v2,ENCRYPTED_MALWARE
1789454806,1,10.122671,940.0,1214.0,17,12,1632,1706,1151,1,0.0,0.0,0.0,0.0,1.0,encrypted_malware_v2,ENCRYPTED_MALWARE
1789454821,1,4.253389,721.0,578.0,13,10,1253,990,583,1,0.0,0.0,0.0,0.0,1.0,encrypted_malware_v2,ENCRYPTED_MALWARE
1789454827,1,12.12464,884.0,1055.0,15,11,1496,1507,1144,1,0.0,0.0,0.0,0.0,1.0,encrypted_malware_v2,ENCRYPTED_MALWARE
1789454842,1,8.762108,1196.0,1162.0,17,15,1888,1774,1136,1,0.0,0.0,0.0,0.0,1.0,encrypted_malware_v2,ENCRYPTED_MALWARE
1789454855,1,6.004986,886.0,753.0,13,10,1418,1165,845,1,0.0,0.0,0.0,0.0,1.0,encrypted_malware_v2,ENCRYPTED_MALWARE
1789454865,1,16.060496,1059.0,1283.0,19,13,1831,1815,1300,1,0.0,0.0,0.0,0.0,1.0,encrypted_malware_v2,ENCRYPTED_MALWARE
1789454885,1,11.780038,1056.0,1303.0,19,15,1828,1915,927,1,0.0,0.0,0.0,0.0,1.0,encrypted_malware_v2,ENCRYPTED_MALWARE
1789454900,1,14.695112,1172.0,1144.0,19,13,1944,1676,800,1,0.0,0.0,0.0,0.0,1.0,encrypted_malware_v2,ENCRYPTED_MALWARE
1789454918,1,12.039368,1186.0,1420.0,19,15,1958,2032,1447,1,0.0,0.0,0.0,0.0,1.0,encrypted_malware_v2,ENCRYPTED_MALWARE
1789454932,1,10.744636,929.0,997.0,17,12,1621,1489,804,1,0.0,0.0,0.0,0.0,1.0,encrypted_malware_v2,ENCRYPTED_MALWARE
1789454947,1,7.123664,811.0,650.0,15,13,1423,1182,353,1,0.0,0.0,0.0,0.0,1.0,encrypted_malware_v2,ENCRYPTED_MALWARE
1789454956,1,7.606623,925.0,1320.0,17,13,1617,1852,1181,1,0.0,0.0,0.0,0.0,1.0,encrypted_malware_v2,ENCRYPTED_MALWARE
1789454966,1,11.609558,1100.0,1487.0,19,13,1872,2019,1243,1,0.0,0.0,0.0,0.0,1.0,encrypted_malware_v2,ENCRYPTED_MALWARE
1789454983,1,8.221838,744.0,885.0,13,10,1276,1297,979,1,0.0,0.0,0.0,0.0,1.0,encrypted_malware_v2,ENCRYPTED_MALWARE
1789454995,1,8.716154,929.0,913.0,15,12,1541,1405,792,1,0.0,0.0,0.0,0.0,1.0,encrypted_malware_v2,ENCRYPTED_MALWARE
1789455005,1,7.78122,840.0,575.0,13,10,1372,987,592,1,0.0,0.0,0.0,0.0,1.0,encrypted_malware_v2,ENCRYPTED_MALWARE
1789455016,1,8.162237,621.0,594.0,13,11,1153,1046,353,1,0.0,0.0,0.0,0.0,1.0,encrypted_malware_v2,ENCRYPTED_MALWARE
1789455029,1,9.048862,802.0,1160.0,15,14,1414,1732,1212,1,0.0,0.0,0.0,0.0,1.0,encrypted_malware_v2,ENCRYPTED_MALWARE
1789455040,1,9.23269,773.0,774.0,13,10,1305,1186,659,1,0.0,0.0,0.0,0.0,1.0,encrypted_malware_v2,ENCRYPTED_MALWARE
1789455051,1,12.768981,984.0,1205.0,17,14,1676,1777,972,1,0.0,0.0,0.0,0.0,1.0,encrypted_malware_v2,ENCRYPTED_MALWARE
1789455067,1,13.808603,1182.0,1116.0,19,14,1954,1688,810,1,0.0,0.0,0.0,0.0,1.0,encrypted_malware_v2,ENCRYPTED_MALWARE
1789455083,1,5.914068,705.0,865.0,13,10,1237,1277,930,1,0.0,0.0,0.0,0.0,1.0,encrypted_malware_v2,ENCRYPTED_MALWARE
1789455093,1,7.196497,815.0,656.0,13,11,1347,1108,353,1,0.0,0.0,0.0,0.0,1.0,encrypted_malware_v2,ENCRYPTED_MALWARE
1789455105,1,5.681125,764.0,810.0,13,12,1296,1302,871,1,0.0,0.0,0.0,0.0,1.0,encrypted_malware_v2,ENCRYPTED_MALWARE
1789455112,1,8.277666,866.0,1160.0,15,11,1478,1612,1373,1,0.0,0.0,0.0,0.0,1.0,encrypted_malware_v2,ENCRYPTED_MALWARE
1789455122,1,12.284317,1112.0,1333.0,19,13,1884,1865,1133,1,0.0,0.0,0.0,0.0,1.0,encrypted_malware_v2,ENCRYPTED_MALWARE
1789455137,1,11.01726,1060.0,944.0,17,14,1752,1516,824,1,0.0,0.0,0.0,0.0,1.0,encrypted_malware_v2,ENCRYPTED_MALWARE
1789455152,1,7.865412,764.0,1297.0,15,11,1376,1749,1510,1,0.0,0.0,0.0,0.0,1.0,encrypted_malware_v2,ENCRYPTED_MALWARE
1789455162,1,8.318275,898.0,1103.0,15,11,1510,1555,1202,1,0.0,0.0,0.0,0.0,1.0,encrypted_malware_v2,ENCRYPTED_MALWARE
1789455172,1,15.725729,994.0,1323.0,19,13,1766,1855,1129,1,0.0,0.0,0.0,0.0,1.0,encrypted_malware_v2,ENCRYPTED_MALWARE
1789455190,1,7.509411,633.0,706.0,13,10,1165,1118,641,1,0.0,0.0,0.0,0.0,1.0,encrypted_malware_v2,ENCRYPTED_MALWARE
1789455199,1,5.645951,694.0,527.0,13,10,1226,939,353,1,0.0,0.0,0.0,0.0,1.0,encrypted_malware_v2,ENCRYPTED_MALWARE
1789455207,1,6.609248,728.0,667.0,13,10,1260,1079,635,1,0.0,0.0,0.0,0.0,1.0,encrypted_malware_v2,ENCRYPTED_MALWARE
1789455216,1,8.066386,796.0,676.0,13,10,1328,1088,643,1,0.0,0.0,0.0,0.0,1.0,encrypted_malware_v2,ENCRYPTED_MALWARE
1789455228,1,11.655971,1101.0,1389.0,17,12,1793,1881,1289,1,0.0,0.0,0.0,0.0,1.0,encrypted_malware_v2,ENCRYPTED_MALWARE
1789455244,1,9.740491,1055.0,1048.0,17,12,1747,1540,610,1,0.0,0.0,0.0,0.0,1.0,encrypted_malware_v2,ENCRYPTED_MALWARE
1789455259,1,9.613521,1008.0,1329.0,17,12,1700,1821,1395,1,0.0,0.0,0.0,0.0,1.0,encrypted_malware_v2,ENCRYPTED_MALWARE
1789455271,1,13.770386,1140.0,1516.0,19,14,1912,2088,1608,1,0.0,0.0,0.0,0.0,1.0,encrypted_malware_v2,ENCRYPTED_MALWARE
1789455289,1,10.515544,841.0,806.0,15,12,1453,1298,591,1,0.0,0.0,0.0,0.0,1.0,encrypted_malware_v2,ENCRYPTED_MALWARE
1789455302,1,8.614,771.0,720.0,13,10,1303,1132,815,1,0.0,0.0,0.0,0.0,1.0,encrypted_malware_v2,ENCRYPTED_MALWARE
1789455313,1,13.09706,970.0,1378.0,17,12,1662,1870,1485,1,0.0,0.0,0.0,0.0,1.0,encrypted_malware_v2,ENCRYPTED_MALWARE
1789455331,1,13.870437,1073.0,1090.0,19,15,1845,1702,897,1,0.0,0.0,0.0,0.0,1.0,encrypted_malware_v2,ENCRYPTED_MALWARE
1789455348,1,13.110626,1168.0,1180.0,19,13,1940,1712,880,1,0.0,0.0,0.0,0.0,1.0,encrypted_malware_v2,ENCRYPTED_MALWARE
1788675982,195,0.0002981846153846154,0.0,0.0,198,119,8700,4772,0,195,0.9846153846153847,0.00010601024037783908,0.0005996254733327839,5.656297648185813,0.015384615384615385,port_scan,PORT_SCAN
1788675983,98,0.000832969387755102,0.0,0.0,98,98,4312,3920,0,98,1.0,0.0056440535279893385,0.029068921578010075,5.150362489273859,0.0,port_scan,PORT_SCAN
1788675984,41,0.0003279756097560976,0.0,0.0,41,41,1804,1640,0,41,1.0,0.02401614785194397,0.06751270956588888,2.811138155131907,0.0,port_scan,PORT_SCAN
1788675985,40,0.00038077499999999997,0.0,0.0,40,40,1760,1600,0,40,1.0,0.024801125893226035,0.07232702007754016,2.9162797039506554,0.0,port_scan,PORT_SCAN
1788675986,74,0.00027364864864864866,0.0,0.0,74,74,3256,2960,0,74,1.0,0.013630014576324045,0.03793044325014132,2.78286153237343,0.0,port_scan,PORT_SCAN
1788675987,66,0.0002911969696969697,0.0,0.0,66,66,2904,2640,0,66,1.0,0.015318676141592172,0.03787435238652557,2.472429865116858,0.0,port_scan,PORT_SCAN
1788675988,58,0.0003468965517241379,0.0,0.0,58,58,2552,2320,0,58,1.0,0.017419472075345225,0.041989599583029294,2.410497826880734,0.0,port_scan,PORT_SCAN
1788675989,160,0.00032358125,0.0,0.0,160,160,7040,6400,0,160,1.0,0.0062747916335579735,0.006582608679997352,1.0490561383414159,0.0,port_scan,PORT_SCAN
1788675990,179,0.0002801731843575419,0.0,0.0,179,179,7876,7160,0,179,1.0,0.005588191278864828,0.0004494776640577881,0.08043347867453347,0.0,port_scan,PORT_SCAN
1788675991,165,0.0002794727272727273,0.0,0.0,165,165,7260,6600,0,165,1.0,0.005572573440830882,0.00044155678344906285,0.07923749918013208,0.0,port_scan,PORT_SCAN
