window,connection_count,duration,orig_bytes,resp_bytes,orig_pkts,resp_pkts,orig_ip_bytes,resp_ip_bytes,missed_bytes,unique_dst_ports,failed_connection_ratio,mean_interarrival,std_interarrival,interarrival_cv,rst_ratio,run_id,label
1788946594,2,0.0114005,166.0,5958.0,11,4,630,6000,0,1,0.0,0.4674630165100097,0.0,0.0,0.0,benign_mixed,BENIGN
1788946595,3,0.0099243333333333,249.0,8937.0,16,6,925,9000,0,1,0.0,0.3306679725646972,0.103605031967163,0.3133204318627868,0.0,benign_mixed,BENIGN
1788946596,3,0.0120793333333333,249.0,8937.0,15,6,885,9000,0,1,0.0,0.4257780313491821,0.0679150819778442,0.159508187312151,0.0,benign_mixed,BENIGN
1788946597,3,0.028091,249.0,8937.0,16,6,925,9000,0,1,0.0,0.3596315383911133,0.1619806289672851,0.4504071853429187,0.0,benign_mixed,BENIGN
1788946598,2,0.0395795,166.0,5958.0,10,4,590,6000,0,1,0.0,0.532008171081543,0.0,0.0,0.0,benign_mixed,BENIGN
1788946599,3,0.0073123333333333,249.0,8937.0,15,6,885,9000,0,1,0.0,0.224853515625,0.0388505458831787,0.1727815808224755,0.0,benign_mixed,BENIGN
1788946600,2,0.0069714999999999,166.0,5958.0,10,4,590,6000,0,1,0.0,0.292943000793457,0.0,0.0,0.0,benign_mixed,BENIGN
1788946601,3,0.019261,249.0,8937.0,16,6,925,9000,0,1,0.0,0.4242304563522339,0.0666784048080444,0.1571749595287946,0.0,benign_mixed,BENIGN
1788946602,3,0.0146153333333333,249.0,8937.0,15,6,885,9000,0,1,0.0,0.3195539712905884,0.1477769613265991,0.462447581952337,0.0,benign_mixed,BENIGN
1788946603,2,0.0185015,166.0,5958.0,11,4,630,6000,0,1,0.0,0.3354260921478271,0.0,0.0,0.0,benign_mixed,BENIGN
1788946604,3,0.0293206666666666,249.0,8937.0,15,6,885,9000,0,1,0.0,0.4024595022201538,0.1060563325881958,0.263520508282547,0.0,benign_mixed,BENIGN
1788946605,2,0.00594,166.0,5958.0,12,4,670,6000,0,1,0.0,0.4739668369293213,0.0,0.0,0.0,benign_mixed,BENIGN
1788946606,4,0.00526875,332.0,11916.0,22,8,1260,12000,0,1,0.0,0.3001856803894043,0.1128559769703386,0.3759538990132392,0.0,benign_mixed,BENIGN
1788946607,3,0.0127219999999999,249.0,8937.0,16,6,925,9000,0,1,0.0,0.2253310680389404,0.0174798965454101,0.0775742852396607,0.0,benign_mixed,BENIGN
1788946608,3,0.016421,249.0,8937.0,15,6,885,9000,0,1,0.0,0.2236499786376953,0.0337879657745361,0.1510752023333361,0.0,benign_mixed,BENIGN
1788946609,3,0.0144863333333333,249.0,8937.0,18,6,1005,9000,0,1,0.0,0.4369764328002929,0.0989844799041748,0.2265213235181786,0.0,benign_mixed,BENIGN
1788946610,2,0.003668,166.0,5958.0,11,4,630,6000,0,1,0.0,0.4516880512237549,0.0,0.0,0.0,benign_mixed,BENIGN
1788946611,2,0.0012775,166.0,5958.0,10,4,590,6000,0,1,0.0,0.4696559906005859,0.0,0.0,0.0,benign_mixed,BENIGN
1788946612,2,0.006317,166.0,5958.0,11,4,630,6000,0,1,0.0,0.4022068977355957,0.0,0.0,0.0,benign_mixed,BENIGN
1788946613,3,0.0088539999999999,249.0,8937.0,15,6,885,9000,0,1,0.0,0.2722840309143066,0.0533978939056396,0.1961110011715856,0.0,benign_mixed,BENIGN
1788946614,4,0.003917,332.0,11916.0,21,8,1220,12000,0,1,0.0,0.2912220160166422,0.0574733329835803,0.197352294203938,0.0,benign_mixed,BENIGN
1788946615,2,0.0267029999999999,166.0,5958.0,10,4,590,6000,0,1,0.0,0.4917299747467041,0.0,0.0,0.0,benign_mixed,BENIGN
1788946616,3,0.0275966666666666,249.0,8937.0,16,6,925,9000,0,1,0.0,0.2376474142074585,0.0034984350204467,0.0147211154479162,0.0,benign_mixed,BENIGN
1788946617,2,0.0302735,166.0,5958.0,11,4,630,6000,0,1,0.0,0.4296779632568359,0.0,0.0,0.0,benign_mixed,BENIGN
1788946618,3,0.0179516666666666,249.0,8937.0,16,6,925,9000,0,1,0.0,0.3351324796676636,0.0277916193008422,0.0829272630584837,0.0,benign_mixed,BENIGN
1788946619,4,0.0031072499999999,332.0,11916.0,21,8,1220,12000,0,1,0.0,0.2463433742523193,0.1290927089074474,0.5240356445520759,0.0,benign_mixed,BENIGN
1788946620,3,0.0218793333333333,249.0,8937.0,15,6,885,9000,0,1,0.0,0.2323269844055175,0.0954458713531494,0.4108255939247781,0.0,benign_mixed,BENIGN
1788946621,3,0.0073853333333333,249.0,8937.0,15,6,885,9000,0,1,0.0,0.3315705060958862,0.207518458366394,0.6258652520389801,0.0,benign_mixed,BENIGN
1788946622,5,0.003688,415.0,14895.0,29,9,1635,14960,0,1,0.0,0.21085125207901,0.0886707709526034,0.4205370851645539,0.0,benign_mixed,BENIGN
1788946623,2,0.0158209999999999,166.0,5958.0,10,4,590,6000,0,1,0.0,0.4330251216888428,0.0,0.0,0.0,benign_mixed,BENIGN
1788946624,3,0.006613,249.0,8937.0,15,6,885,9000,0,1,0.0,0.3213809728622436,0.148697018623352,0.4626814627482298,0.0,benign_mixed,BENIGN
1788946625,4,0.013974,332.0,11916.0,20,8,1180,12000,0,1,0.0,0.2345550060272216,0.1117205761499227,0.4763086409545946,0.0,benign_mixed,BENIGN
1788946626,4,0.009374,332.0,11916.0,21,8,1220,12000,0,1,0.0,0.280288298924764,0.0548461430604002,0.195677605061645,0.0,benign_mixed,BENIGN
1788946627,4,0.01548075,332.0,11916.0,21,8,1220,12000,0,1,0.0,0.2647703488667806,0.0579897188023387,0.2190189311247852,0.0,benign_mixed,BENIGN
1788946628,2,0.0122735,166.0,5958.0,10,4,590,6000,0,1,0.0,0.4713809490203857,0.0,0.0,0.0,benign_mixed,BENIGN
1788946629,3,0.0192343333333333,249.0,8937.0,15,6,885,9000,0,1,0.0,0.3317700624465942,0.0312360525131225,0.0941497020037806,0.0,benign_mixed,BENIGN
1788946630,2,0.017777,166.0,5958.0,10,4,590,6000,0,1,0.0,0.4237020015716553,0.0,0.0,0.0,benign_mixed,BENIGN
1788946631,3,0.007881,249.0,8937.0,15,6,885,9000,0,1,0.0,0.2895400524139404,0.0099561214447021,0.0343859903377664,0.0,benign_mixed,BENIGN
1788946632,3,0.0179206666666666,249.0,8937.0,15,6,885,9000,0,1,0.0,0.4220770597457886,0.1379588842391967,0.3268571012181699,0.0,benign_mixed,BENIGN
1788946633,3,0.009932,249.0,8937.0,15,6,885,9000,0,1,0.0,0.4185919761657715,0.0471339225769043,0.1126011134007935,0.0,benign_mixed,BENIGN
1788946634,3,0.0042576666666666,249.0,8937.0,15,6,885,9000,0,1,0.0,0.2384054660797119,0.0658125877380371,0.2760531829250608,0.0,benign_mixed,BENIGN
1788946635,2,0.039174,166.0,5958.0,10,4,590,6000,0,1,0.0,0.2515900135040283,0.0,0.0,0.0,benign_mixed,BENIGN
1788946636,3,0.026074,249.0,8937.0,17,6,965,9000,0,1,0.0,0.3429590463638305,0.1213709115982055,0.3538933085014715,0.0,benign_mixed,BENIGN
1788946637,2,0.001979,166.0,5958.0,10,4,590,6000,0,1,0.0,0.3562760353088379,0.0,0.0,0.0,benign_mixed,BENIGN
1788946638,4,0.01787675,332.0,11916.0,21,8,1220,12000,0,1,0.0,0.3026900291442871,0.0257968297954433,0.0852252380706814,0.0,benign_mixed,BENIGN
1788946639,2,0.001469,166.0,5958.0,11,4,630,6000,0,1,0.0,0.3138408660888672,0.0,0.0,0.0,benign_mixed,BENIGN
1788946640,3,0.0128713333333333,249.0,8937.0,15,6,885,9000,0,1,0.0,0.3945095539093017,0.1020245552062988,0.2586111139649469,0.0,benign_mixed,BENIGN
1788946641,3,0.0133083333333333,249.0,8937.0,15,6,885,9000,0,1,0.0,0.2957699298858642,0.1030108928680419,0.3482804790459707,0.0,benign_mixed,BENIGN
1788946642,2,0.029129,166.0,5958.0,10,4,590,6000,0,1,0.0,0.318356990814209,0.0,0.0,0.0,benign_mixed,BENIGN
1788946643,3,0.018183,249.0,8937.0,15,6,885,9000,0,1,0.0,0.4105755090713501,0.129313588142395,0.3149568965642391,0.0,benign_mixed,BENIGN
1788946644,2,0.0208625,166.0,5958.0,11,4,630,6000,0,1,0.0,0.4361970424652099,0.0,0.0,0.0,benign_mixed,BENIGN
1788946645,2,0.0257585,166.0,5958.0,12,4,670,6000,0,1,0.0,0.3899829387664795,0.0,0.0,0.0,benign_mixed,BENIGN
1788946646,3,0.0129849999999999,249.0,8937.0,15,6,885,9000,0,1,0.0,0.4731709957122803,0.0421791076660156,0.0891413633722878,0.0,benign_mixed,BENIGN
1788946647,3,0.015404,249.0,8937.0,15,6,885,9000,0,1,0.0,0.287353515625,0.0888144969940185,0.3090774678738318,0.0,benign_mixed,BENIGN
1788946648,2,0.0015934999999999,166.0,5958.0,10,4,590,6000,0,1,0.0,0.2922930717468261,0.0,0.0,0.0,benign_mixed,BENIGN
1788946649,4,0.00852075,332.0,11916.0,21,8,1220,12000,0,1,0.0,0.1802412668863932,0.006772806281747,0.0375763353129114,0.0,benign_mixed,BENIGN
1788946650,3,0.010696,249.0,8937.0,16,6,925,9000,0,1,0.0,0.4631189107894897,0.0094069242477417,0.0203121142941571,0.0,benign_mixed,BENIGN
1788946651,3,0.0041543333333333,249.0,8937.0,15,6,885,9000,0,1,0.0,0.3306410312652588,0.1385769844055175,0.4191161147641816,0.0,benign_mixed,BENIGN
1788946652,3,0.007666,249.0,8937.0,16,6,925,9000,0,1,0.0,0.3135855197906494,0.137122631072998,0.4372734785858145,0.0,benign_mixed,BENIGN
1788946653,3,0.0166533333333333,249.0,8937.0,15,6,885,9000,0,1,0.0,0.3449294567108154,0.145857572555542,0.4228620366216712,0.0,benign_mixed,BENIGN
1788946654,2,0.026122,166.0,5958.0,10,4,590,6000,0,1,0.0,0.1960408687591552,0.0,0.0,0.0,benign_mixed,BENIGN
1788946655,2,0.0277945,166.0,5958.0,10,4,590,6000,0,1,0.0,0.574774980545044,0.0,0.0,0.0,benign_mixed,BENIGN
1788946656,3,0.009132,249.0,8937.0,15,6,885,9000,0,1,0.0,0.3115140199661255,0.1032811403274536,0.3315457209235223,0.0,benign_mixed,BENIGN
1788946657,3,0.0230786666666666,249.0,8937.0,16,6,925,9000,0,1,0.0,0.3369719982147217,0.1100871562957763,0.3266952651229726,0.0,benign_mixed,BENIGN
1788946658,2,0.006125,166.0,5958.0,12,4,670,6000,0,1,0.0,0.3002419471740722,0.0,0.0,0.0,benign_mixed,BENIGN
1788946659,3,0.0159316666666666,249.0,8937.0,15,6,885,9000,0,1,0.0,0.3370410203933716,0.1416469812393188,0.4202662959956566,0.0,benign_mixed,BENIGN
1788946660,4,0.0185515,332.0,11916.0,20,8,1180,12000,0,1,0.0,0.2965649763743083,0.1006822153938239,0.3394946248364415,0.0,benign_mixed,BENIGN
1788946661,3,0.0081283333333333,249.0,8937.0,15,6,885,9000,0,1,0.0,0.2691445350646972,0.0495696067810058,0.184174673169902,0.0,benign_mixed,BENIGN
1788946662,3,0.0014183333333333,249.0,8937.0,16,6,925,9000,0,1,0.0,0.2966519594192505,0.1165000200271606,0.3927161656212565,0.0,benign_mixed,BENIGN
1788946663,4,0.0117762499999999,332.0,11916.0,20,8,1180,12000,0,1,0.0,0.2149923642476399,0.0197263744445334,0.091753837460997,0.0,benign_mixed,BENIGN
1788946664,3,0.0141989999999999,249.0,8937.0,16,6,925,9000,0,1,0.0,0.2752734422683716,0.0281375646591186,0.1022167791678449,0.0,benign_mixed,BENIGN
1788946665,2,0.016719,166.0,5958.0,11,4,630,6000,0,1,0.0,0.4041411876678467,0.0,0.0,0.0,benign_mixed,BENIGN
1788946666,3,0.0188993333333333,249.0,8937.0,16,6,925,9000,0,1,0.0,0.2712664604187011,0.0083625316619873,0.0308277390764774,0.0,benign_mixed,BENIGN
1788946667,3,0.0106646666666666,249.0,8937.0,16,6,925,9000,0,1,0.0,0.3805364370346069,0.114700436592102,0.3014177498636508,0.0,benign_mixed,BENIGN
1788946668,2,0.0038469999999999,166.0,5958.0,10,4,590,6000,0,1,0.0,0.4911270141601562,0.0,0.0,0.0,benign_mixed,BENIGN
1788946669,5,0.0105978,415.0,14895.0,26,10,1515,15000,0,1,0.0,0.1991432905197143,0.0531514669646532,0.2669006162645054,0.0,benign_mixed,BENIGN
1788946670,4,0.00995775,332.0,11916.0,22,8,1260,12000,0,1,0.0,0.2999506791432698,0.0592042196663529,0.1973798486986401,0.0,benign_mixed,BENIGN
1788946671,2,0.0431025,166.0,5958.0,11,4,630,6000,0,1,0.0,0.4724390506744385,0.0,0.0,0.0,benign_mixed,BENIGN
1788946672,2,0.003357,166.0,5958.0,10,4,590,6000,0,1,0.0,0.516599178314209,0.0,0.0,0.0,benign_mixed,BENIGN
1788946673,3,0.0127646666666666,249.0,8937.0,16,6,925,9000,0,1,0.0,0.3880394697189331,0.0258585214614868,0.0666388949562703,0.0,benign_mixed,BENIGN
1788946674,4,0.0102917499999999,332.0,11916.0,21,8,1220,12000,0,1,0.0,0.2760376930236816,0.1162200472427048,0.421029628126671,0.0,benign_mixed,BENIGN
1788946675,3,0.0096823333333333,249.0,8937.0,15,6,885,9000,0,1,0.0,0.3380659818649292,0.1263619661331176,0.3737790044299822,0.0,benign_mixed,BENIGN
1788946676,2,0.01418,166.0,5958.0,10,4,590,6000,0,1,0.0,0.4946191310882568,0.0,0.0,0.0,benign_mixed,BENIGN
1788946677,4,0.021705,332.0,11916.0,20,8,1180,12000,0,1,0.0,0.2494796911875406,0.1253647745085882,0.5025049290058168,0.0,benign_mixed,BENIGN
1788946678,4,0.027021,332.0,11916.0,21,8,1220,12000,0,1,0.0,0.2764846483866374,0.0835346229524971,0.3021311434104724,0.0,benign_mixed,BENIGN
1788946679,4,0.0193592499999999,332.0,11916.0,21,8,1220,12000,0,1,0.0,0.2766076723734538,0.0531072371000479,0.1919948085472726,0.0,benign_mixed,BENIGN
1788946680,3,0.0071323333333333,249.0,8937.0,16,6,925,9000,0,1,0.0,0.2816749811172485,0.0114630460739135,0.0406960037005985,0.0,benign_mixed,BENIGN
1788946681,3,0.0099343333333333,249.0,8937.0,15,6,885,9000,0,1,0.0,0.3846534490585327,0.0624634027481079,0.1623887759254249,0.0,benign_mixed,BENIGN
1788946682,2,0.0085475,166.0,5958.0,10,4,590,6000,0,1,0.0,0.3899121284484863,0.0,0.0,0.0,benign_mixed,BENIGN
1788946683,3,0.0040476666666666,249.0,8937.0,16,6,925,9000,0,1,0.0,0.3125025033950805,0.1265014410018921,0.404801368397241,0.0,benign_mixed,BENIGN
1788946684,3,0.017253,249.0,8937.0,15,6,885,9000,0,1,0.0,0.2639214992523193,0.0925436019897461,0.3506482126386784,0.0,benign_mixed,BENIGN
1788946685,3,0.022264,249.0,8937.0,17,6,965,9000,0,1,0.0,0.2545344829559326,0.0835604667663574,0.3282874123614292,0.0,benign_mixed,BENIGN
1788946686,3,0.00578,249.0,8937.0,16,6,925,9000,0,1,0.0,0.2665859460830688,0.153931975364685,0.5774196938225673,0.0,benign_mixed,BENIGN
1788946687,3,0.0209406666666666,249.0,8937.0,16,6,925,9000,0,1,0.0,0.3691229820251465,0.0333309173583984,0.0902975945185872,0.0,benign_mixed,BENIGN
1788946688,4,0.01215025,332.0,11916.0,21,8,1220,12000,0,1,0.0,0.2910583019256592,0.1105517254009199,0.3798267380435574,0.0,benign_mixed,BENIGN
1788946689,3,0.0217603333333333,249.0,8937.0,16,6,925,9000,0,1,0.0,0.1880985498428344,0.0072735548019409,0.0386688510252648,0.0,benign_mixed,BENIGN
1788946690,3,0.001345,249.0,8937.0,16,6,925,9000,0,1,0.0,0.3046700954437256,0.0929429531097412,0.3050609643010019,0.0,benign_mixed,BENIGN
1788946691,3,0.0016519999999999,249.0,8937.0,15,6,885,9000,0,1,0.0,0.3418270349502563,0.0333191156387329,0.0974736115988649,0.0,benign_mixed,BENIGN
1788946692,3,0.0014626666666666,249.0,8937.0,16,6,925,9000,0,1,0.0,0.3978379964828491,0.0609029531478881,0.153084807600859,0.0,benign_mixed,BENIGN
1788946693,2,0.002616,166.0,5958.0,11,4,630,6000,0,1,0.0,0.4018929004669189,0.0,0.0,0.0,benign_mixed,BENIGN
1788946694,3,0.0210076666666666,249.0,8937.0,15,6,885,9000,0,1,0.0,0.3040165901184082,0.0776164531707763,0.2553033475592445,0.0,benign_mixed,BENIGN
1788946695,2,0.01866,166.0,5958.0,10,4,590,6000,0,1,0.0,0.5177919864654541,0.0,0.0,0.0,benign_mixed,BENIGN
1788946696,3,0.0124196666666666,249.0,8937.0,16,6,925,9000,0,1,0.0,0.3053779602050781,0.0392358303070068,0.1284828488626285,0.0,benign_mixed,BENIGN
1788946697,2,0.0013195,166.0,5958.0,10,4,590,6000,0,1,0.0,0.1311819553375244,0.0,0.0,0.0,benign_mixed,BENIGN
1788946771,4,78.93751825,938.0,0.0,19,0,1623,0,0,4,0.75,0.0029379526774088,0.0020999756171854,0.7147751675283935,0.0,benign_mixed,BENIGN
1788947071,3,5.021713666666667,938.0,0.0,9,0,1223,0,0,3,1.0,0.0022045373916625,0.0014775991439819,0.6702536094738549,0.0,benign_mixed,BENIGN
1788947104,1,103.516895,6400.0,6400.0,200,200,12000,12000,0,1,0.0,0.0,0.0,0.0,0.0,benign_mixed,BENIGN
1788947170,1,45.529454,417.0,0.0,2,0,473,0,0,1,1.0,0.0,0.0,0.0,0.0,benign_mixed,BENIGN
1788947305,4,4.68971925,1480.0,0.0,27,0,2337,0,0,2,0.75,0.0002923806508382,0.0002475492451391,0.8466676725338713,0.0,benign_mixed,BENIGN
1788947306,3,0.0,0.0,0.0,3,0,185,0,0,1,1.0,0.0004389286041259,0.0001230239868164,0.2802824551873981,0.0,benign_mixed,BENIGN
1788947307,2,0.0,0.0,0.0,2,0,129,0,0,1,1.0,0.0011122226715087,0.0,0.0,0.0,benign_mixed,BENIGN
1788947309,3,0.0,0.0,0.0,3,0,168,0,0,1,1.0,0.0005024671554565,0.0002425909042358,0.4827995255041518,0.0,benign_mixed,BENIGN
1788947312,4,0.0,0.0,0.0,4,0,258,0,0,1,1.0,0.1175909837086995,0.16572239794592,1.4093121149190595,0.0,benign_mixed,BENIGN
1788947314,2,0.0,0.0,0.0,2,0,112,0,0,1,1.0,0.0004129409790039,0.0,0.0,0.0,benign_mixed,BENIGN
1788947315,2,0.0,0.0,0.0,2,0,129,0,0,1,1.0,0.0006940364837646,0.0,0.0,0.0,benign_mixed,BENIGN
1788947317,3,0.0,0.0,0.0,3,0,168,0,0,1,1.0,0.0004490613937377,7.402896881103516e-05,0.164852667905495,0.0,benign_mixed,BENIGN
1788947319,3,0.0,0.0,0.0,3,0,185,0,0,1,1.0,0.000370979309082,0.0001430511474609,0.3856041131105398,0.0,benign_mixed,BENIGN
1788947322,3,0.0,0.0,0.0,3,0,185,0,0,1,1.0,0.0004619359970092,9.310245513916016e-05,0.2015483870967742,0.0,benign_mixed,BENIGN
1788947324,3,0.0,0.0,0.0,3,0,185,0,0,1,1.0,0.0003190040588378,9.489059448242188e-05,0.2974588938714499,0.0,benign_mixed,BENIGN
1788947371,4,3.87949025,938.0,0.0,14,0,1423,0,0,4,0.75,0.0024643739064534,0.0014961648288519,0.607117623236452,0.0,benign_mixed,BENIGN
1788947671,4,3.8683925,938.0,0.0,14,0,1423,0,0,4,0.75,0.0023606618245442,0.0016852107932526,0.7138721759005054,0.0,benign_mixed,BENIGN
1788947757,3,0.0,0.0,0.0,3,0,185,0,0,1,1.0,0.1117540597915649,0.009907841682434,0.0886575548209472,0.0,benign_mixed,BENIGN
1788947758,6,0.0,0.0,0.0,6,0,370,0,0,1,1.0,0.0759323596954345,0.1489268207592092,1.96130900391554,0.0,benign_mixed,BENIGN
1788947759,3,0.0,0.0,0.0,3,0,185,0,0,1,1.0,0.0016829967498779,0.0008809566497802,0.5234452472021532,0.0,benign_mixed,BENIGN
1788947772,3,0.0,0.0,0.0,3,0,185,0,0,1,1.0,0.0012630224227905,0.000606894493103,0.480509674374705,0.0,benign_mixed,BENIGN
1788947773,3,0.0,0.0,0.0,3,0,185,0,0,1,1.0,0.0012809038162231,0.0006660223007202,0.5199627733829688,0.0,benign_mixed,BENIGN
1788947774,6,0.0,0.0,0.0,6,0,370,0,0,1,1.0,0.1217108249664306,0.2409113489219978,1.9793748747364428,0.0,benign_mixed,BENIGN
1788947775,3,0.0,0.0,0.0,3,0,185,0,0,1,1.0,0.0015565156936645,0.0008233785629272,0.528988282147507,0.0,benign_mixed,BENIGN
1788947776,6,0.0,0.0,0.0,6,0,370,0,0,1,1.0,0.0692028045654296,0.1356881141266292,1.960731432471631,0.0,benign_mixed,BENIGN
1788947777,6,0.0,0.0,0.0,6,0,370,0,0,1,1.0,0.0954631805419921,0.1883687387539927,1.973208284958968,0.0,benign_mixed,BENIGN
1788947778,3,0.0,0.0,0.0,3,0,185,0,0,1,1.0,0.0013549327850341,0.000662088394165,0.4886503607249692,0.0,benign_mixed,BENIGN
1788947779,3,0.0,0.0,0.0,3,0,185,0,0,1,1.0,0.0012259483337402,0.0005979537963867,0.4877479579929988,0.0,benign_mixed,BENIGN
1788947780,3,0.0,0.0,0.0,3,0,185,0,0,1,1.0,0.0011839866638183,0.0006370544433593,0.5380587998389046,0.0,benign_mixed,BENIGN
1788947781,3,0.0,0.0,0.0,3,0,185,0,0,1,1.0,0.0012359619140625,0.0007290840148925,0.589891975308642,0.0,benign_mixed,BENIGN
1788947782,3,0.0,0.0,0.0,3,0,185,0,0,1,1.0,0.0014295578002929,0.0004935264587402,0.3452301534356237,0.0,benign_mixed,BENIGN
1788947783,6,0.0,0.0,0.0,6,0,370,0,0,1,1.0,0.1446003913879394,0.2839636090100305,1.9637817455708129,0.0,benign_mixed,BENIGN
1788947784,3,0.0,0.0,0.0,3,0,185,0,0,1,1.0,0.0021724700927734,0.0015075206756591,0.693920105355575,0.0,benign_mixed,BENIGN
1788947785,3,0.0,0.0,0.0,3,0,185,0,0,1,1.0,0.0020160675048828,0.0009069442749023,0.4498580889309366,0.0,benign_mixed,BENIGN
1788947786,3,0.0,0.0,0.0,3,0,185,0,0,1,1.0,0.0020405054092407,0.0010136365890502,0.4967576093941695,0.0,benign_mixed,BENIGN
1788947787,6,0.0,0.0,0.0,6,0,370,0,0,1,1.0,0.0923751831054687,0.1798379285517709,1.946820807342185,0.0,benign_mixed,BENIGN
1788947788,6,0.0,0.0,0.0,6,0,370,0,0,1,1.0,0.0698714256286621,0.1349286043954412,1.9310984881363564,0.0,benign_mixed,BENIGN
1788947789,3,0.0,0.0,0.0,3,0,185,0,0,1,1.0,0.0016515254974365,0.0003325939178466,0.2013858813339107,0.0,benign_mixed,BENIGN
1788947790,3,0.0,0.0,0.0,3,0,185,0,0,1,1.0,0.0028024911880493,0.0013736486434936,0.4901527074737334,0.0,benign_mixed,BENIGN
1788947791,3,0.0,0.0,0.0,3,0,185,0,0,1,1.0,0.0019130706787109,0.0011920928955078,0.6231306081754736,0.0,benign_mixed,BENIGN
1788947792,3,0.0,0.0,0.0,3,0,185,0,0,1,1.0,0.0022774934768676,0.0014396905899047,0.6321381837215388,0.0,benign_mixed,BENIGN
1788947793,6,0.0,0.0,0.0,6,0,370,0,0,1,1.0,0.1037352085113525,0.2034996960179472,1.9617225331520565,0.0,benign_mixed,BENIGN
1788947794,3,0.0,0.0,0.0,3,0,185,0,0,1,1.0,0.0019434690475463,0.00054132938385,0.2785376924492425,0.0,benign_mixed,BENIGN
1788947795,6,0.0,0.0,0.0,6,0,370,0,0,1,1.0,0.1405593872070312,0.2770466863307271,1.9710294120922884,0.0,benign_mixed,BENIGN
1788947796,6,0.0,0.0,0.0,6,0,370,0,0,1,1.0,0.0835862159729003,0.1628235094327153,1.947970817168044,0.0,benign_mixed,BENIGN
1788947797,3,0.0,0.0,0.0,3,0,185,0,0,1,1.0,0.0023494958877563,0.0012704133987426,0.5407174387335735,0.0,benign_mixed,BENIGN
1788947798,6,0.0,0.0,0.0,6,0,370,0,0,1,1.0,0.1296210289001464,0.2554306951808154,1.970596108888986,0.0,benign_mixed,BENIGN
1788947799,6,0.0,0.0,0.0,6,0,370,0,0,1,1.0,0.1020496368408203,0.2005631883567157,1.9653493590531768,0.0,benign_mixed,BENIGN
1788947800,3,0.0,0.0,0.0,3,0,185,0,0,1,1.0,0.0018720626831054,0.0012919902801513,0.6901426388181355,0.0,benign_mixed,BENIGN
1788947801,9,0.0,0.0,0.0,9,0,555,0,0,1,1.0,0.1238420009613037,0.2102804827731655,1.6979738791435617,0.0,benign_mixed,BENIGN
1788947802,3,0.0,0.0,0.0,3,0,185,0,0,1,1.0,0.0029535293579101,0.0022814273834228,0.7724410720051663,0.0,benign_mixed,BENIGN
1788947803,6,0.0,0.0,0.0,6,0,370,0,0,1,1.0,0.126777982711792,0.2505092024533792,1.9759677279521708,0.0,benign_mixed,BENIGN
1788947804,3,0.0,0.0,0.0,3,0,185,0,0,1,1.0,0.0015920400619506,0.0005789995193481,0.3636840134780981,0.0,benign_mixed,BENIGN
1788947805,3,0.0,0.0,0.0,3,0,185,0,0,1,1.0,0.0017340183258056,0.0010550022125244,0.6084146844493331,0.0,benign_mixed,BENIGN
1788947806,3,0.0,0.0,0.0,3,0,185,0,0,1,1.0,0.0028815269470214,0.0015544891357421,0.5394671520767831,0.0,benign_mixed,BENIGN
1788947807,6,0.0,0.0,0.0,6,0,370,0,0,1,1.0,0.1065683841705322,0.2092756558486761,1.963768686909903,0.0,benign_mixed,BENIGN
1788947808,6,0.0,0.0,0.0,6,0,370,0,0,1,1.0,0.0970577716827392,0.1892155957386623,1.9495151440027592,0.0,benign_mixed,BENIGN
1788947809,6,0.0,0.0,0.0,6,0,370,0,0,1,1.0,0.0756852149963378,0.1476614314028312,1.950994410334647,0.0,benign_mixed,BENIGN
1788947810,6,0.0,0.0,0.0,6,0,370,0,0,1,1.0,0.0741819858551025,0.1429010561854256,1.9263579228594665,0.0,benign_mixed,BENIGN
1788947811,3,0.0,0.0,0.0,3,0,185,0,0,1,1.0,0.0025299787521362,0.0012620687484741,0.4988455920463648,0.0,benign_mixed,BENIGN
1788947812,6,0.0,0.0,0.0,6,0,370,0,0,1,1.0,0.0853405952453613,0.1663172052814351,1.948863900037952,0.0,benign_mixed,BENIGN
1788947813,6,0.0,0.0,0.0,6,0,370,0,0,1,1.0,0.0787104129791259,0.1541784559887734,1.9588063402698908,0.0,benign_mixed,BENIGN
1788947814,6,0.0,0.0,0.0,6,0,370,0,0,1,1.0,0.1502356052398681,0.2971962814834686,1.978201379153504,0.0,benign_mixed,BENIGN
1788947815,3,0.0,0.0,0.0,3,0,185,0,0,1,1.0,0.0016800165176391,0.000710129737854,0.4226921166536578,0.0,benign_mixed,BENIGN
1788947816,3,0.0,0.0,0.0,3,0,185,0,0,1,1.0,0.0014400482177734,0.000727891921997,0.5054635761589404,0.0,benign_mixed,BENIGN
1788947817,6,0.0,0.0,0.0,6,0,370,0,0,1,1.0,0.0941239833831787,0.1848014199211162,1.963382904958344,0.0,benign_mixed,BENIGN
1788947818,3,0.0,0.0,0.0,3,0,185,0,0,1,1.0,0.0012025833129882,0.0007104873657226,0.5908009516256939,0.0,benign_mixed,BENIGN
1788947819,6,0.0,0.0,0.0,6,0,370,0,0,1,1.0,0.108584976196289,0.2132567556807007,1.9639618955682827,0.0,benign_mixed,BENIGN
1788947820,3,0.0,0.0,0.0,3,0,185,0,0,1,1.0,0.0013775825500488,0.0007843971252441,0.5694011768778124,0.0,benign_mixed,BENIGN
1788947821,3,0.0,0.0,0.0,3,0,185,0,0,1,1.0,0.0013165473937988,0.0008115768432617,0.6164433176385368,0.0,benign_mixed,BENIGN
1788947822,3,0.0,0.0,0.0,3,0,185,0,0,1,1.0,0.0013030767440795,0.000789999961853,0.6062574329887476,0.0,benign_mixed,BENIGN
1788947823,6,0.0,0.0,0.0,6,0,370,0,0,1,1.0,0.1737209796905517,0.3437637088894153,1.9788266765577756,0.0,benign_mixed,BENIGN
1788947824,3,0.0,0.0,0.0,3,0,185,0,0,1,1.0,0.0013990402221679,0.0007181167602539,0.5132924335378323,0.0,benign_mixed,BENIGN
1788947825,3,0.0,0.0,0.0,3,0,185,0,0,1,1.0,0.0014575719833374,0.0006583929061889,0.4517052424961151,0.0,benign_mixed,BENIGN
1788947826,3,0.0,0.0,0.0,3,0,185,0,0,1,1.0,0.0012009143829345,0.0006959438323974,0.5795116140559857,0.0,benign_mixed,BENIGN
1788947827,6,0.0,0.0,0.0,6,0,370,0,0,1,1.0,0.0690876007080078,0.135789172187294,1.965463712673916,0.0,benign_mixed,BENIGN
1788947828,6,0.0,0.0,0.0,6,0,370,0,0,1,1.0,0.0801575660705566,0.1564884751454502,1.952260813504558,0.0,benign_mixed,BENIGN
1788947829,3,0.0,0.0,0.0,3,0,185,0,0,1,1.0,0.0017194747924804,0.0011534690856933,0.6708264004437049,0.0,benign_mixed,BENIGN
1788947830,6,0.0,0.0,0.0,6,0,370,0,0,1,1.0,0.1464307785034179,0.2896289951385816,1.97792430046953,0.0,benign_mixed,BENIGN
1788947831,3,0.0,0.0,0.0,3,0,185,0,0,1,1.0,0.0024290084838867,0.0017938613891601,0.7385159010600707,0.0,benign_mixed,BENIGN
1788947832,3,0.0,0.0,0.0,3,0,185,0,0,1,1.0,0.0011825561523437,0.0006704330444335,0.5669354838709677,0.0,benign_mixed,BENIGN
1788947833,3,0.0,0.0,0.0,3,0,185,0,0,1,1.0,0.001529574394226,0.0007575750350952,0.4952848569869846,0.0,benign_mixed,BENIGN
1788947834,6,0.0,0.0,0.0,6,0,370,0,0,1,1.0,0.0759396076202392,0.1485437332704222,1.9560771766594265,0.0,benign_mixed,BENIGN
1788947835,6,0.0,0.0,0.0,6,0,370,0,0,1,1.0,0.1138229846954345,0.2249050273066663,1.9759192566287296,0.0,benign_mixed,BENIGN
1788947836,3,0.0,0.0,0.0,3,0,185,0,0,1,1.0,0.0012235641479492,0.0006525516510009,0.5333203429462198,0.0,benign_mixed,BENIGN
1788947837,6,0.0,0.0,0.0,6,0,370,0,0,1,1.0,0.1315465927124023,0.2605650230462164,1.9807812401183549,0.0,benign_mixed,BENIGN
1788947838,3,0.0,0.0,0.0,3,0,185,0,0,1,1.0,0.0012739896774291,0.0006598234176635,0.5179189669692149,0.0,benign_mixed,BENIGN
1788947839,6,0.0,0.0,0.0,6,0,370,0,0,1,1.0,0.1131950378417968,0.2239122920980345,1.978110492890844,0.0,benign_mixed,BENIGN
1788947840,3,0.0,0.0,0.0,3,0,185,0,0,1,1.0,0.0012385845184326,0.0006554126739501,0.529162656400385,0.0,benign_mixed,BENIGN
1788947841,6,0.0,0.0,0.0,6,0,370,0,0,1,1.0,0.0943339824676513,0.186164314588258,1.9734597195882917,0.0,benign_mixed,BENIGN
1788947842,3,0.0,0.0,0.0,3,0,185,0,0,1,1.0,0.0012120008468627,0.0006390810012817,0.5272941870758335,0.0,benign_mixed,BENIGN
1788947843,6,0.0,0.0,0.0,6,0,370,0,0,1,1.0,0.102352237701416,0.2020776837197606,1.9743357669352155,0.0,benign_mixed,BENIGN
1788947844,3,0.0,0.0,0.0,3,0,185,0,0,1,1.0,0.0013585090637207,0.0006074905395507,0.4471744471744471,0.0,benign_mixed,BENIGN
1788947845,3,0.0,0.0,0.0,3,0,185,0,0,1,1.0,0.0012459754943847,0.0007040500640869,0.5650593187906621,0.0,benign_mixed,BENIGN
1788947846,6,0.0,0.0,0.0,6,0,370,0,0,1,1.0,0.1088828086853027,0.2151695313557214,1.976157062384501,0.0,benign_mixed,BENIGN
1788947847,6,0.0,0.0,0.0,6,0,370,0,0,1,1.0,0.0713272094726562,0.1399927479014002,1.962683650971476,0.0,benign_mixed,BENIGN
1788947848,3,0.0,0.0,0.0,3,0,185,0,0,1,1.0,0.0013425350189208,0.000772476196289,0.5753862546616942,0.0,benign_mixed,BENIGN
1788947849,3,0.0,0.0,0.0,3,0,185,0,0,1,1.0,0.0012999773025512,0.0006619691848754,0.5092159559834938,0.0,benign_mixed,BENIGN
1788947850,3,0.0,0.0,0.0,3,0,185,0,0,1,1.0,0.0012664794921875,0.0006184577941894,0.488328313253012,0.0,benign_mixed,BENIGN
1788947851,3,0.0,0.0,0.0,3,0,185,0,0,1,1.0,0.0012434720993041,0.0006486177444458,0.5216182532834819,0.0,benign_mixed,BENIGN
1788947852,6,0.0,0.0,0.0,6,0,370,0,0,1,1.0,0.0922652244567871,0.1819155833350118,1.971659250882904,0.0,benign_mixed,BENIGN
1788947853,6,0.0,0.0,0.0,6,0,370,0,0,1,1.0,0.1220436096191406,0.2417484639228737,1.980836724489664,0.0,benign_mixed,BENIGN
1788947854,6,0.0,0.0,0.0,6,0,370,0,0,1,1.0,0.1126654148101806,0.2226173711539157,1.9759157815109705,0.0,benign_mixed,BENIGN
1788947855,3,0.0,0.0,0.0,3,0,185,0,0,1,1.0,0.001164436340332,0.0006554126739501,0.5628583128583129,0.0,benign_mixed,BENIGN
1788947856,3,0.0,0.0,0.0,3,0,185,0,0,1,1.0,0.0011705160140991,0.0006834268569946,0.5838680109990834,0.0,benign_mixed,BENIGN
1788947857,6,0.0,0.0,0.0,6,0,370,0,0,1,1.0,0.0722507953643798,0.1420071787641643,1.965475646987477,0.0,benign_mixed,BENIGN
1788947858,3,0.0,0.0,0.0,3,0,185,0,0,1,1.0,0.001378059387207,0.0008149147033691,0.5913494809688581,0.0,benign_mixed,BENIGN
1788947859,6,0.0,0.0,0.0,6,0,370,0,0,1,1.0,0.103600788116455,0.2047949321924324,1.976770021886586,0.0,benign_mixed,BENIGN
1788947860,3,0.0,0.0,0.0,3,0,185,0,0,1,1.0,0.0012389421463012,0.0006560087203979,0.5294910035600885,0.0,benign_mixed,BENIGN
1788947861,3,0.0,0.0,0.0,3,0,185,0,0,1,1.0,0.0011894702911376,0.0006585121154785,0.5536179595109241,0.0,benign_mixed,BENIGN
1788947862,6,0.0,0.0,0.0,6,0,370,0,0,1,1.0,0.0782331943511962,0.1541579190838916,1.9704924535212247,0.0,benign_mixed,BENIGN
1788947863,6,0.0,0.0,0.0,6,0,370,0,0,1,1.0,0.1491104125976562,0.2955396722062574,1.982019008985713,0.0,benign_mixed,BENIGN
1788947864,3,0.0,0.0,0.0,3,0,185,0,0,1,1.0,0.0011775493621826,0.0006635189056396,0.5634743875278396,0.0,benign_mixed,BENIGN
1788947865,3,0.0,0.0,0.0,3,0,185,0,0,1,1.0,0.001209020614624,0.0007200241088867,0.5955432853480576,0.0,benign_mixed,BENIGN
1788947866,6,0.0,0.0,0.0,6,0,370,0,0,1,1.0,0.0981662273406982,0.193981244317611,1.976048683671776,0.0,benign_mixed,BENIGN
1788947867,3,0.0,0.0,0.0,3,0,185,0,0,1,1.0,0.0012204647064208,0.0006546974182128,0.5364328970502051,0.0,benign_mixed,BENIGN
1788947868,3,0.0,0.0,0.0,3,0,185,0,0,1,1.0,0.0011194944381713,0.000637412071228,0.5693749334469173,0.0,benign_mixed,BENIGN
1788947869,3,0.0,0.0,0.0,3,0,185,0,0,1,1.0,0.0011700391769409,0.000588059425354,0.5025980641874681,0.0,benign_mixed,BENIGN
1788947870,9,0.0,0.0,0.0,9,0,555,0,0,1,1.0,0.1172901093959808,0.2145352279148709,1.8290990520827528,0.0,benign_mixed,BENIGN
1788947871,3,0.0,0.0,0.0,3,0,185,0,0,1,1.0,0.0017549991607666,0.001166820526123,0.6648553185708463,0.0,benign_mixed,BENIGN
1788947872,6,0.0,0.0,0.0,6,0,370,0,0,1,1.0,0.1100386142730713,0.2176998924724452,1.978395437916023,0.0,benign_mixed,BENIGN
1788947873,3,0.0,0.0,0.0,3,0,185,0,0,1,1.0,0.0034635066986083,0.000124454498291,0.0359330901080746,0.0,benign_mixed,BENIGN
1788947874,6,0.0,0.0,0.0,6,0,370,0,0,1,1.0,0.1308075904846191,0.2590803698077551,1.980621834313344,0.0,benign_mixed,BENIGN
1788947875,3,0.0,0.0,0.0,3,0,185,0,0,1,1.0,0.0013835430145263,0.0007565021514892,0.5467861450973635,0.0,benign_mixed,BENIGN
1788947876,6,0.0,0.0,0.0,6,0,370,0,0,1,1.0,0.0838270187377929,0.1648960113875629,1.9670986022221544,0.0,benign_mixed,BENIGN
1788947877,3,0.0,0.0,0.0,3,0,185,0,0,1,1.0,0.0011934041976928,0.0006746053695678,0.5652781939866147,0.0,benign_mixed,BENIGN
1788947878,6,0.0,0.0,0.0,6,0,370,0,0,1,1.0,0.1039775848388671,0.205683423491279,1.9781515776695928,0.0,benign_mixed,BENIGN
1788947879,6,0.0,0.0,0.0,6,0,370,0,0,1,1.0,0.0751797676086425,0.1479502320036223,1.9679527712002949,0.0,benign_mixed,BENIGN
1788947880,3,0.0,0.0,0.0,3,0,185,0,0,1,1.0,0.0011420249938964,0.0006201267242431,0.5430062630480167,0.0,benign_mixed,BENIGN
1788947881,6,0.0,0.0,0.0,6,0,370,0,0,1,1.0,0.0935826301574707,0.1823733674496626,1.9487950610362688,0.0,benign_mixed,BENIGN
1788947882,6,0.0,0.0,0.0,6,0,370,0,0,1,1.0,0.1105501651763916,0.2187192041171471,1.9784611245778168,0.0,benign_mixed,BENIGN
1788947883,3,0.0,0.0,0.0,3,0,185,0,0,1,1.0,0.0012599229812622,0.0007089376449584,0.5626833191408838,0.0,benign_mixed,BENIGN
1788947884,3,0.0,0.0,0.0,3,0,185,0,0,1,1.0,0.001255989074707,0.0005688667297363,0.45292331055429,0.0,benign_mixed,BENIGN
1788947885,6,0.0,0.0,0.0,6,0,370,0,0,1,1.0,0.1364697933197021,0.2702078571701212,1.979982900224055,0.0,benign_mixed,BENIGN
1788947886,3,0.0,0.0,0.0,3,0,185,0,0,1,1.0,0.0664730072021484,0.0659599304199218,0.9922814266448596,0.0,benign_mixed,BENIGN
1788947887,3,0.0,0.0,0.0,3,0,185,0,0,1,1.0,0.0011919736862182,0.000707983970642,0.593959395939594,0.0,benign_mixed,BENIGN
1788947888,3,0.0,0.0,0.0,3,0,185,0,0,1,1.0,0.0013269186019897,0.000775933265686,0.5847632737400054,0.0,benign_mixed,BENIGN
1788947889,6,0.0,0.0,0.0,6,0,370,0,0,1,1.0,0.1975783824920654,0.3924619119078037,1.986360587416817,0.0,benign_mixed,BENIGN
1788947890,3,0.0,0.0,0.0,3,0,185,0,0,1,1.0,0.0012024641036987,0.0006345510482788,0.527708932289085,0.0,benign_mixed,BENIGN
1788947891,4,0.0,0.0,0.0,4,0,414,0,0,2,1.0,0.1608759562174479,0.2250168094364751,1.398697572509414,0.0,benign_mixed,BENIGN
1788947892,6,0.0,0.0,0.0,6,0,370,0,0,1,1.0,0.073952579498291,0.1455665295232345,1.968376634199737,0.0,benign_mixed,BENIGN
1788947893,3,0.0,0.0,0.0,3,0,185,0,0,1,1.0,0.00124192237854,0.0007109642028808,0.5724707237473603,0.0,benign_mixed,BENIGN
1788947894,6,0.0,0.0,0.0,6,0,370,0,0,1,1.0,0.098541784286499,0.1927602692468437,1.956127247365597,0.0,benign_mixed,BENIGN
1788947895,3,0.0,0.0,0.0,3,0,185,0,0,1,1.0,0.0013840198516845,0.0007688999176025,0.5555555555555556,0.0,benign_mixed,BENIGN
1788947896,6,0.0,0.0,0.0,6,0,370,0,0,1,1.0,0.0780024051666259,0.1533994967540899,1.966599573774724,0.0,benign_mixed,BENIGN
1788947897,3,0.0,0.0,0.0,3,0,185,0,0,1,1.0,0.0013074874877929,0.0008115768432617,0.6207148067104303,0.0,benign_mixed,BENIGN
1788947898,3,0.0,0.0,0.0,3,0,185,0,0,1,1.0,0.0013289451599121,0.000788927078247,0.5936490850376749,0.0,benign_mixed,BENIGN
1788947899,6,0.0,0.0,0.0,6,0,370,0,0,1,1.0,0.117335844039917,0.2319053509632499,1.9764237676967409,0.0,benign_mixed,BENIGN
1788947900,6,0.0,0.0,0.0,6,0,370,0,0,1,1.0,0.0777515888214111,0.1528493670111429,1.9658680848596564,0.0,benign_mixed,BENIGN
1788947901,3,0.0,0.0,0.0,3,0,185,0,0,1,1.0,0.0012515783309936,0.0007663965225219,0.6123440327650252,0.0,benign_mixed,BENIGN
1788947902,3,0.0,0.0,0.0,3,0,185,0,0,1,1.0,0.0014240741729736,0.0006630420684814,0.4655951783023606,0.0,benign_mixed,BENIGN
1788947903,3,0.0,0.0,0.0,3,0,185,0,0,1,1.0,0.0012509822845458,0.0006549358367919,0.523537259386316,0.0,benign_mixed,BENIGN
1788947904,6,0.0,0.0,0.0,6,0,370,0,0,1,1.0,0.1851900100708007,0.3675194482961942,1.984553314488651,0.0,benign_mixed,BENIGN
1788947905,3,0.0,0.0,0.0,3,0,185,0,0,1,1.0,0.0012135505676269,0.0007295608520507,0.6011787819253438,0.0,benign_mixed,BENIGN
1788947906,3,0.0,0.0,0.0,3,0,185,0,0,1,1.0,0.0016030073165893,0.0007871389389038,0.4910388934334795,0.0,benign_mixed,BENIGN
1788947907,3,0.0,0.0,0.0,3,0,185,0,0,1,1.0,0.0013785362243652,0.0007693767547607,0.5581113801452785,0.0,benign_mixed,BENIGN
1788947908,9,0.0,0.0,0.0,9,0,555,0,0,1,1.0,0.0854387581348419,0.1459304568107543,1.70801238216083,0.0,benign_mixed,BENIGN
1788947909,3,0.0,0.0,0.0,3,0,185,0,0,1,1.0,0.0012586116790771,0.0006465911865234,0.5137336616783482,0.0,benign_mixed,BENIGN
1789032350,1,0.026546,404.0,9269.0,10,8,816,9601,9238,1,0.0,0.0,0.0,0.0,0.0,benign_encrypted,BENIGN_ENCRYPTED
1789032351,3,0.0143193333333333,1212.0,27807.0,28,24,2368,28803,27714,1,0.0,0.0475344657897949,0.0008704662322998,0.0183123175539438,0.0,benign_encrypted,BENIGN_ENCRYPTED
1789032352,2,0.0174075,808.0,18538.0,18,16,1552,19202,18476,1,0.0,0.0540452003479003,0.0,0.0,0.0,benign_encrypted,BENIGN_ENCRYPTED
1789032353,2,0.0320065,808.0,18538.0,18,16,1552,19202,18476,1,0.0,0.7852129936218262,0.0,0.0,0.0,benign_encrypted,BENIGN_ENCRYPTED
1789032355,1,0.012523,404.0,9269.0,9,8,776,9601,9238,1,0.0,0.0,0.0,0.0,0.0,benign_encrypted,BENIGN_ENCRYPTED
1789032356,1,0.047496,404.0,9269.0,9,8,776,9601,9238,1,0.0,0.0,0.0,0.0,0.0,benign_encrypted,BENIGN_ENCRYPTED
1789032358,2,0.013928,808.0,18538.0,18,16,1552,19202,18476,1,0.0,0.0413999557495117,0.0,0.0,0.0,benign_encrypted,BENIGN_ENCRYPTED
1789032359,1,0.018596,404.0,9269.0,9,8,776,9601,9238,1,0.0,0.0,0.0,0.0,0.0,benign_encrypted,BENIGN_ENCRYPTED
1789032360,2,0.0181045,808.0,18538.0,18,16,1552,19202,18476,1,0.0,0.0445291996002197,0.0,0.0,0.0,benign_encrypted,BENIGN_ENCRYPTED
1789032361,1,0.018412,404.0,9269.0,9,8,776,9601,9238,1,0.0,0.0,0.0,0.0,0.0,benign_encrypted,BENIGN_ENCRYPTED
1789032362,2,0.0165825,808.0,18538.0,19,16,1592,19202,18476,1,0.0,0.0426039695739746,0.0,0.0,0.0,benign_encrypted,BENIGN_ENCRYPTED
1789032364,1,0.029294,404.0,9269.0,9,8,776,9601,9238,1,0.0,0.0,0.0,0.0,0.0,benign_encrypted,BENIGN_ENCRYPTED
1789032365,2,0.0215295,808.0,18538.0,19,17,1592,19242,18476,1,0.0,0.0603039264678955,0.0,0.0,0.0,benign_encrypted,BENIGN_ENCRYPTED
1789032366,3,0.0145876666666666,1212.0,27807.0,27,24,2328,28803,27714,1,0.0,0.0458705425262451,0.0015575885772705,0.0339561838925128,0.0,benign_encrypted,BENIGN_ENCRYPTED
1789032367,2,0.026253,808.0,18538.0,18,16,1552,19202,18476,1,0.0,0.0529000759124755,0.0,0.0,0.0,benign_encrypted,BENIGN_ENCRYPTED
1789032368,2,0.0151465,808.0,18538.0,18,17,1552,19242,18476,1,0.0,0.0485401153564453,0.0,0.0,0.0,benign_encrypted,BENIGN_ENCRYPTED
1789032370,3,0.0424796666666666,1212.0,27807.0,28,25,2368,28843,27714,1,0.0,0.0776070356369018,0.0031260251998901,0.0402801778760858,0.0,benign_encrypted,BENIGN_ENCRYPTED
1789032371,1,0.012206,404.0,9269.0,9,8,776,9601,9238,1,0.0,0.0,0.0,0.0,0.0,benign_encrypted,BENIGN_ENCRYPTED
1789032372,1,0.022134,404.0,9269.0,9,8,776,9601,9238,1,0.0,0.0,0.0,0.0,0.0,benign_encrypted,BENIGN_ENCRYPTED
1789032374,3,0.0134743333333333,1212.0,27807.0,27,24,2328,28803,27714,1,0.0,0.0451570749282836,0.0025509595870971,0.0564908066155409,0.0,benign_encrypted,BENIGN_ENCRYPTED
1789032375,2,0.0218955,808.0,18538.0,18,16,1552,19202,18476,1,0.0,0.0422408580780029,0.0,0.0,0.0,benign_encrypted,BENIGN_ENCRYPTED
1789032376,3,0.0285753333333333,1212.0,27807.0,27,24,2328,28803,27714,1,0.0,0.0782099962234497,0.0043569803237915,0.0557087397286582,0.0,benign_encrypted,BENIGN_ENCRYPTED
1789032377,3,0.0150716666666666,1212.0,27807.0,28,24,2368,28803,27714,1,0.0,0.0460195541381835,0.0048656463623046,0.1057299761682727,0.0,benign_encrypted,BENIGN_ENCRYPTED
1789032379,3,0.022049,1212.0,27807.0,27,24,2328,28803,27714,1,0.0,0.0581425428390502,0.0087205171585083,0.1499851353706418,0.0,benign_encrypted,BENIGN_ENCRYPTED
1789032381,2,0.0140775,808.0,18538.0,18,16,1552,19202,18476,1,0.0,0.0457501411437988,0.0,0.0,0.0,benign_encrypted,BENIGN_ENCRYPTED
1789032384,1,0.013411,404.0,9269.0,9,8,776,9601,9238,1,0.0,0.0,0.0,0.0,0.0,benign_encrypted,BENIGN_ENCRYPTED
1789032386,3,0.0153406666666666,1212.0,27807.0,27,24,2328,28803,27714,1,0.0,0.0527865886688232,0.0003085136413574,0.0058445459185286,0.0,benign_encrypted,BENIGN_ENCRYPTED
1789032388,2,0.0422345,808.0,18538.0,18,16,1552,19202,18476,1,0.0,0.0814790725708007,0.0,0.0,0.0,benign_encrypted,BENIGN_ENCRYPTED
1789032389,2,0.028955,808.0,18538.0,18,17,1552,19242,18476,1,0.0,0.0493628978729248,0.0,0.0,0.0,benign_encrypted,BENIGN_ENCRYPTED
1789032391,1,0.019742,404.0,9269.0,9,8,776,9601,9238,1,0.0,0.0,0.0,0.0,0.0,benign_encrypted,BENIGN_ENCRYPTED
1789032393,2,0.013828,808.0,18538.0,18,17,1552,19242,18476,1,0.0,0.0486700534820556,0.0,0.0,0.0,benign_encrypted,BENIGN_ENCRYPTED
1789032394,1,0.012943,404.0,9269.0,9,8,776,9601,9238,1,0.0,0.0,0.0,0.0,0.0,benign_encrypted,BENIGN_ENCRYPTED
1789032395,3,0.0202383333333333,1212.0,27807.0,27,24,2328,28803,27714,1,0.0,0.0490344762802124,0.0014084577560424,0.0287238258239714,0.0,benign_encrypted,BENIGN_ENCRYPTED
1789032396,1,0.022709,404.0,9269.0,9,8,776,9601,9238,1,0.0,0.0,0.0,0.0,0.0,benign_encrypted,BENIGN_ENCRYPTED
1789032397,1,0.014112,404.0,9269.0,9,8,776,9601,9238,1,0.0,0.0,0.0,0.0,0.0,benign_encrypted,BENIGN_ENCRYPTED
1789032400,2,0.013168,808.0,18538.0,18,16,1552,19202,18476,1,0.0,0.0464391708374023,0.0,0.0,0.0,benign_encrypted,BENIGN_ENCRYPTED
1789032401,1,0.016788,404.0,9269.0,9,8,776,9601,9238,1,0.0,0.0,0.0,0.0,0.0,benign_encrypted,BENIGN_ENCRYPTED
1789032404,1,0.01196,404.0,9269.0,9,8,776,9601,9238,1,0.0,0.0,0.0,0.0,0.0,benign_encrypted,BENIGN_ENCRYPTED
1789032406,1,0.013734,404.0,9269.0,9,8,776,9601,9238,1,0.0,0.0,0.0,0.0,0.0,benign_encrypted,BENIGN_ENCRYPTED
1789032409,2,0.0165295,808.0,18538.0,18,16,1552,19202,18476,1,0.0,0.0461728572845459,0.0,0.0,0.0,benign_encrypted,BENIGN_ENCRYPTED
1789032411,1,0.016861,404.0,9269.0,9,8,776,9601,9238,1,0.0,0.0,0.0,0.0,0.0,benign_encrypted,BENIGN_ENCRYPTED
1789032412,2,0.0242159999999999,808.0,18538.0,18,16,1552,19202,18476,1,0.0,0.0468010902404785,0.0,0.0,0.0,benign_encrypted,BENIGN_ENCRYPTED
1789032414,3,0.0296796666666666,1212.0,27807.0,27,25,2328,28843,27714,1,0.0,0.0684030055999755,0.0118730068206787,0.1735743439420292,0.0,benign_encrypted,BENIGN_ENCRYPTED
1789032416,3,0.0178483333333333,1212.0,27807.0,27,24,2328,28803,27714,1,0.0,0.0519030094146728,0.0073819160461425,0.1422252029196543,0.0,benign_encrypted,BENIGN_ENCRYPTED
1789032419,2,0.01415,808.0,18538.0,18,16,1552,19202,18476,1,0.0,0.0440249443054199,0.0,0.0,0.0,benign_encrypted,BENIGN_ENCRYPTED
1789032420,2,0.0112165,808.0,18538.0,18,16,1552,19202,18476,1,0.0,0.0416979789733886,0.0,0.0,0.0,benign_encrypted,BENIGN_ENCRYPTED
1789032422,3,0.023565,1212.0,27807.0,28,24,2368,28803,27714,1,0.0,0.4363164901733398,0.3717775344848633,0.8520822450170596,0.0,benign_encrypted,BENIGN_ENCRYPTED
1789032425,2,0.0328875,808.0,18538.0,18,16,1552,19202,18476,1,0.0,0.0853478908538818,0.0,0.0,0.0,benign_encrypted,BENIGN_ENCRYPTED
1789032426,1,0.018441,404.0,9269.0,9,8,776,9601,9238,1,0.0,0.0,0.0,0.0,0.0,benign_encrypted,BENIGN_ENCRYPTED
1789032428,3,0.0148263333333333,1212.0,27807.0,27,24,2328,28803,27714,1,0.0,0.0455474853515625,0.0083453655242919,0.1832234087102177,0.0,benign_encrypted,BENIGN_ENCRYPTED
1789032430,1,0.010938,404.0,9269.0,9,8,776,9601,9238,1,0.0,0.0,0.0,0.0,0.0,benign_encrypted,BENIGN_ENCRYPTED
1789032433,2,0.013776,808.0,18538.0,18,16,1552,19202,18476,1,0.0,0.0529627799987793,0.0,0.0,0.0,benign_encrypted,BENIGN_ENCRYPTED
1789032435,3,0.0235176666666666,1212.0,27807.0,27,25,2328,28843,27714,1,0.0,0.0655770301818847,0.0112910270690917,0.1721796037084166,0.0,benign_encrypted,BENIGN_ENCRYPTED
1789032437,1,0.029972,404.0,9269.0,9,8,776,9601,9238,1,0.0,0.0,0.0,0.0,0.0,benign_encrypted,BENIGN_ENCRYPTED
1789032439,1,0.011832,404.0,9269.0,9,8,776,9601,9238,1,0.0,0.0,0.0,0.0,0.0,benign_encrypted,BENIGN_ENCRYPTED
1789032440,2,0.0253905,808.0,18538.0,18,16,1552,19202,18476,1,0.0,0.0516629219055175,0.0,0.0,0.0,benign_encrypted,BENIGN_ENCRYPTED
1789032441,1,0.013981,404.0,9269.0,9,8,776,9601,9238,1,0.0,0.0,0.0,0.0,0.0,benign_encrypted,BENIGN_ENCRYPTED
1789032442,2,0.028877,808.0,18538.0,18,16,1552,19202,18476,1,0.0,0.0622730255126953,0.0,0.0,0.0,benign_encrypted,BENIGN_ENCRYPTED
1789032445,1,0.014324,404.0,9269.0,9,8,776,9601,9238,1,0.0,0.0,0.0,0.0,0.0,benign_encrypted,BENIGN_ENCRYPTED
1789032446,3,0.0181936666666666,1212.0,27807.0,27,25,2328,28843,27714,1,0.0,0.0464299917221069,0.0011578798294067,0.024938187289304,0.0,benign_encrypted,BENIGN_ENCRYPTED
1789032447,3,0.0136156666666666,1212.0,27807.0,27,25,2328,28843,27714,1,0.0,0.0508835315704345,0.0028614997863769,0.0562362654096832,0.0,benign_encrypted,BENIGN_ENCRYPTED
1789032448,1,0.012877,404.0,9269.0,9,8,776,9601,9238,1,0.0,0.0,0.0,0.0,0.0,benign_encrypted,BENIGN_ENCRYPTED
1789032451,2,0.015026,808.0,18538.0,18,16,1552,19202,18476,1,0.0,0.0531539916992187,0.0,0.0,0.0,benign_encrypted,BENIGN_ENCRYPTED
1789032454,3,0.0192146666666666,1212.0,27807.0,27,24,2328,28803,27714,1,0.0,0.0544484853744506,0.0103133916854858,0.1894155845577529,0.0,benign_encrypted,BENIGN_ENCRYPTED
1789032455,2,0.0214505,808.0,18538.0,18,16,1552,19202,18476,1,0.0,0.0423188209533691,0.0,0.0,0.0,benign_encrypted,BENIGN_ENCRYPTED
1789032456,2,0.0160505,808.0,18538.0,19,16,1592,19202,18476,1,0.0,0.0476870536804199,0.0,0.0,0.0,benign_encrypted,BENIGN_ENCRYPTED
1789032457,1,0.013534,404.0,9269.0,9,8,776,9601,9238,1,0.0,0.0,0.0,0.0,0.0,benign_encrypted,BENIGN_ENCRYPTED
1789032458,1,0.013323,404.0,9269.0,9,8,776,9601,9238,1,0.0,0.0,0.0,0.0,0.0,benign_encrypted,BENIGN_ENCRYPTED
1789032459,3,0.0324406666666666,1212.0,27807.0,27,24,2328,28803,27714,1,0.0,0.0784574747085571,0.0013846158981323,0.017647979408918,0.0,benign_encrypted,BENIGN_ENCRYPTED
1789032460,1,0.012594,404.0,9269.0,9,8,776,9601,9238,1,0.0,0.0,0.0,0.0,0.0,benign_encrypted,BENIGN_ENCRYPTED
1789032462,2,0.0120735,808.0,18538.0,18,16,1552,19202,18476,1,0.0,0.0454940795898437,0.0,0.0,0.0,benign_encrypted,BENIGN_ENCRYPTED
1789032464,3,0.029562,1212.0,27807.0,27,24,2328,28803,27714,1,0.0,0.0633840560913086,0.0134088993072509,0.2115500353580187,0.0,benign_encrypted,BENIGN_ENCRYPTED
1789032466,2,0.016545,808.0,18538.0,18,16,1552,19202,18476,1,0.0,0.054013967514038,0.0,0.0,0.0,benign_encrypted,BENIGN_ENCRYPTED
1789032467,2,0.0172245,808.0,18538.0,18,16,1552,19202,18476,1,0.0,0.04494309425354,0.0,0.0,0.0,benign_encrypted,BENIGN_ENCRYPTED
1789032469,3,0.0203616666666666,1212.0,27807.0,27,24,2328,28803,27714,1,0.0,0.0613875389099121,0.0018503665924072,0.0301423810966373,0.0,benign_encrypted,BENIGN_ENCRYPTED
1789032472,2,0.0296895,808.0,18538.0,18,16,1552,19202,18476,1,0.0,0.0457758903503418,0.0,0.0,0.0,benign_encrypted,BENIGN_ENCRYPTED
1789032474,3,0.012796,1212.0,27807.0,27,25,2328,28843,27714,1,0.0,0.0392661094665527,0.0023620128631591,0.0601539825373116,0.0,benign_encrypted,BENIGN_ENCRYPTED
1789032475,1,0.019458,404.0,9269.0,9,8,776,9601,9238,1,0.0,0.0,0.0,0.0,0.0,benign_encrypted,BENIGN_ENCRYPTED
1789032476,1,0.012667,404.0,9269.0,9,8,776,9601,9238,1,0.0,0.0,0.0,0.0,0.0,benign_encrypted,BENIGN_ENCRYPTED
1789032478,2,0.017267,808.0,18538.0,18,16,1552,19202,18476,1,0.0,0.047163963317871,0.0,0.0,0.0,benign_encrypted,BENIGN_ENCRYPTED
1789032480,2,0.033003,808.0,18538.0,18,16,1552,19202,18476,1,0.0,0.0485830307006835,0.0,0.0,0.0,benign_encrypted,BENIGN_ENCRYPTED
1789032482,2,0.0161345,808.0,18538.0,18,16,1552,19202,18476,1,0.0,0.0436470508575439,0.0,0.0,0.0,benign_encrypted,BENIGN_ENCRYPTED
1789032483,2,0.024472,808.0,18538.0,18,16,1552,19202,18476,1,0.0,0.076632022857666,0.0,0.0,0.0,benign_encrypted,BENIGN_ENCRYPTED
1789032485,2,0.038207,808.0,18538.0,19,16,1592,19202,18476,1,0.0,0.0738840103149414,0.0,0.0,0.0,benign_encrypted,BENIGN_ENCRYPTED
1789032487,1,0.036884,404.0,9269.0,9,8,776,9601,9238,1,0.0,0.0,0.0,0.0,0.0,benign_encrypted,BENIGN_ENCRYPTED
1789032488,3,0.0164433333333333,1212.0,27807.0,27,26,2328,28883,27714,1,0.0,0.0529669523239135,0.0037280321121215,0.0703841159167174,0.0,benign_encrypted,BENIGN_ENCRYPTED
1789032490,1,0.045008,404.0,9269.0,9,8,776,9601,9238,1,0.0,0.0,0.0,0.0,0.0,benign_encrypted,BENIGN_ENCRYPTED
1789032491,2,0.029059,808.0,18538.0,18,16,1552,19202,18476,1,0.0,0.0692338943481445,0.0,0.0,0.0,benign_encrypted,BENIGN_ENCRYPTED
1789032493,2,0.0331179999999999,808.0,18538.0,19,18,1592,19282,18476,1,0.0,0.0776660442352294,0.0,0.0,0.0,benign_encrypted,BENIGN_ENCRYPTED
1789032495,2,0.0156255,808.0,18538.0,18,16,1552,19202,18476,1,0.0,0.0546791553497314,0.0,0.0,0.0,benign_encrypted,BENIGN_ENCRYPTED
1789032498,3,0.0240116666666666,1212.0,27807.0,27,24,2328,28803,27714,1,0.0,0.0563349723815918,0.0051980018615722,0.0922695377635577,0.0,benign_encrypted,BENIGN_ENCRYPTED
1789032500,2,0.0251775,808.0,18538.0,18,16,1552,19202,18476,1,0.0,0.0540411472320556,0.0,0.0,0.0,benign_encrypted,BENIGN_ENCRYPTED
1789032501,1,0.039717,404.0,9269.0,9,8,776,9601,9238,1,0.0,0.0,0.0,0.0,0.0,benign_encrypted,BENIGN_ENCRYPTED
1789032503,2,0.0186585,808.0,18538.0,18,16,1552,19202,18476,1,0.0,0.0595099925994873,0.0,0.0,0.0,benign_encrypted,BENIGN_ENCRYPTED
1789032504,3,0.0149939999999999,1212.0,27807.0,27,25,2328,28843,27714,1,0.0,0.046733021736145,0.0006710290908813,0.0143587781391492,0.0,benign_encrypted,BENIGN_ENCRYPTED
1789032505,1,0.013658,404.0,9269.0,9,9,776,9641,9238,1,0.0,0.0,0.0,0.0,0.0,benign_encrypted,BENIGN_ENCRYPTED
1789032506,1,0.022573,404.0,9269.0,9,8,776,9601,9238,1,0.0,0.0,0.0,0.0,0.0,benign_encrypted,BENIGN_ENCRYPTED
1789032507,2,0.0136645,808.0,18538.0,18,16,1552,19202,18476,1,0.0,0.0470509529113769,0.0,0.0,0.0,benign_encrypted,BENIGN_ENCRYPTED
1789032508,2,0.015662,808.0,18538.0,18,16,1552,19202,18476,1,0.0,0.0459260940551757,0.0,0.0,0.0,benign_encrypted,BENIGN_ENCRYPTED
1789032511,2,0.0151945,808.0,18538.0,18,16,1552,19202,18476,1,0.0,0.0560019016265869,0.0,0.0,0.0,benign_encrypted,BENIGN_ENCRYPTED
1789032514,2,0.015942,808.0,18538.0,18,16,1552,19202,18476,1,0.0,0.0449991226196289,0.0,0.0,0.0,benign_encrypted,BENIGN_ENCRYPTED
1789032516,1,0.016416,404.0,9269.0,9,8,776,9601,9238,1,0.0,0.0,0.0,0.0,0.0,benign_encrypted,BENIGN_ENCRYPTED
1789032518,1,0.036442,404.0,9269.0,9,8,776,9601,9238,1,0.0,0.0,0.0,0.0,0.0,benign_encrypted,BENIGN_ENCRYPTED
1789445164,1,0.013016,404.0,9269.0,9,9,776,9641,9238,1,0.0,0.0,0.0,0.0,0.0,benign_encrypted_v2,BENIGN_ENCRYPTED
1789445165,2,0.0262104999999999,808.0,18538.0,19,17,1592,19242,18476,1,0.0,0.3364279270172119,0.0,0.0,0.0,benign_encrypted_v2,BENIGN_ENCRYPTED
1789445166,1,0.013714,404.0,9269.0,9,10,776,9681,9238,1,0.0,0.0,0.0,0.0,0.0,benign_encrypted_v2,BENIGN_ENCRYPTED
1789445168,1,0.011183,404.0,9269.0,9,8,776,9601,9238,1,0.0,0.0,0.0,0.0,0.0,benign_encrypted_v2,BENIGN_ENCRYPTED
1789445171,1,0.011081,404.0,9269.0,9,9,776,9641,9238,1,0.0,0.0,0.0,0.0,0.0,benign_encrypted_v2,BENIGN_ENCRYPTED
1789445175,1,0.016196,404.0,9269.0,9,10,776,9681,9238,1,0.0,0.0,0.0,0.0,0.0,benign_encrypted_v2,BENIGN_ENCRYPTED
1789445179,1,0.026892,404.0,9269.0,9,9,776,9641,9238,1,0.0,0.0,0.0,0.0,0.0,benign_encrypted_v2,BENIGN_ENCRYPTED
1789445184,1,0.025937,404.0,9269.0,9,8,776,9601,9238,1,0.0,0.0,0.0,0.0,0.0,benign_encrypted_v2,BENIGN_ENCRYPTED
1789445187,2,0.0155789999999999,808.0,18538.0,18,17,1552,19242,18476,1,0.0,0.2116940021514892,0.0,0.0,0.0,benign_encrypted_v2,BENIGN_ENCRYPTED
1789445190,2,0.023126,808.0,18538.0,18,16,1552,19202,18476,1,0.0,0.3054640293121338,0.0,0.0,0.0,benign_encrypted_v2,BENIGN_ENCRYPTED
1789445191,2,0.0168765,808.0,18538.0,18,17,1552,19242,18476,1,0.0,0.1762881278991699,0.0,0.0,0.0,benign_encrypted_v2,BENIGN_ENCRYPTED
1789445193,1,0.04186,404.0,9269.0,9,9,776,9641,9238,1,0.0,0.0,0.0,0.0,0.0,benign_encrypted_v2,BENIGN_ENCRYPTED
1789445194,2,0.0173359999999999,808.0,18538.0,18,17,1552,19242,18476,1,0.0,0.6349010467529297,0.0,0.0,0.0,benign_encrypted_v2,BENIGN_ENCRYPTED
1789445197,1,0.016749,404.0,9269.0,9,8,776,9601,9238,1,0.0,0.0,0.0,0.0,0.0,benign_encrypted_v2,BENIGN_ENCRYPTED
1789445198,1,0.039332,404.0,9269.0,9,8,776,9601,9238,1,0.0,0.0,0.0,0.0,0.0,benign_encrypted_v2,BENIGN_ENCRYPTED
1789445199,1,0.013168,404.0,9269.0,9,8,776,9601,9238,1,0.0,0.0,0.0,0.0,0.0,benign_encrypted_v2,BENIGN_ENCRYPTED
1789445200,1,0.019264,404.0,9269.0,9,10,776,9681,9238,1,0.0,0.0,0.0,0.0,0.0,benign_encrypted_v2,BENIGN_ENCRYPTED
1789445204,1,0.01445,404.0,9269.0,9,8,776,9601,9238,1,0.0,0.0,0.0,0.0,0.0,benign_encrypted_v2,BENIGN_ENCRYPTED
1789445205,1,0.015275,404.0,9269.0,9,8,776,9601,9238,1,0.0,0.0,0.0,0.0,0.0,benign_encrypted_v2,BENIGN_ENCRYPTED
1789445209,1,0.047057,404.0,9269.0,9,8,776,9601,9238,1,0.0,0.0,0.0,0.0,0.0,benign_encrypted_v2,BENIGN_ENCRYPTED
1789445210,1,0.03255,404.0,9269.0,9,9,776,9641,9238,1,0.0,0.0,0.0,0.0,0.0,benign_encrypted_v2,BENIGN_ENCRYPTED
1789445211,1,0.020421,404.0,9269.0,9,8,776,9601,9238,1,0.0,0.0,0.0,0.0,0.0,benign_encrypted_v2,BENIGN_ENCRYPTED
1789445212,2,0.023264,808.0,18538.0,18,18,1552,19282,18476,1,0.0,0.3014528751373291,0.0,0.0,0.0,benign_encrypted_v2,BENIGN_ENCRYPTED
1789445213,1,0.019188,404.0,9269.0,9,8,776,9601,9238,1,0.0,0.0,0.0,0.0,0.0,benign_encrypted_v2,BENIGN_ENCRYPTED
1789445215,1,0.01566,404.0,9269.0,9,9,776,9641,9238,1,0.0,0.0,0.0,0.0,0.0,benign_encrypted_v2,BENIGN_ENCRYPTED
1789445219,1,0.026713,404.0,9269.0,9,8,776,9601,9238,1,0.0,0.0,0.0,0.0,0.0,benign_encrypted_v2,BENIGN_ENCRYPTED
1789445220,2,0.0249884999999999,808.0,18538.0,18,18,1552,19282,18476,1,0.0,0.1647558212280273,0.0,0.0,0.0,benign_encrypted_v2,BENIGN_ENCRYPTED
1789445221,1,0.047072,404.0,9269.0,9,8,776,9601,9238,1,0.0,0.0,0.0,0.0,0.0,benign_encrypted_v2,BENIGN_ENCRYPTED
1789445223,2,0.021744,808.0,18538.0,18,17,1552,19242,18476,1,0.0,0.6706151962280273,0.0,0.0,0.0,benign_encrypted_v2,BENIGN_ENCRYPTED
1789445225,1,0.045302,404.0,9269.0,9,10,776,9681,9238,1,0.0,0.0,0.0,0.0,0.0,benign_encrypted_v2,BENIGN_ENCRYPTED
1789445226,1,0.011917,404.0,9269.0,9,9,776,9641,9238,1,0.0,0.0,0.0,0.0,0.0,benign_encrypted_v2,BENIGN_ENCRYPTED
1789445229,1,0.034759,404.0,9269.0,9,8,776,9601,9238,1,0.0,0.0,0.0,0.0,0.0,benign_encrypted_v2,BENIGN_ENCRYPTED
1789445230,1,0.044946,404.0,9269.0,9,8,776,9601,9238,1,0.0,0.0,0.0,0.0,0.0,benign_encrypted_v2,BENIGN_ENCRYPTED
1789445233,1,0.010744,404.0,9269.0,9,9,776,9641,9238,1,0.0,0.0,0.0,0.0,0.0,benign_encrypted_v2,BENIGN_ENCRYPTED
1789445237,1,0.011129,404.0,9269.0,9,9,776,9641,9238,1,0.0,0.0,0.0,0.0,0.0,benign_encrypted_v2,BENIGN_ENCRYPTED
1789445238,1,0.042127,404.0,9269.0,9,8,776,9601,9238,1,0.0,0.0,0.0,0.0,0.0,benign_encrypted_v2,BENIGN_ENCRYPTED
1789445240,1,0.014366,404.0,9269.0,10,8,816,9601,9238,1,0.0,0.0,0.0,0.0,0.0,benign_encrypted_v2,BENIGN_ENCRYPTED
1789445241,1,0.01635,404.0,9269.0,9,9,776,9641,9238,1,0.0,0.0,0.0,0.0,0.0,benign_encrypted_v2,BENIGN_ENCRYPTED
1789445244,1,0.021138,404.0,9269.0,9,9,776,9641,9238,1,0.0,0.0,0.0,0.0,0.0,benign_encrypted_v2,BENIGN_ENCRYPTED
1789445246,2,0.0439855,808.0,18538.0,18,16,1552,19202,18476,1,0.0,0.2342159748077392,0.0,0.0,0.0,benign_encrypted_v2,BENIGN_ENCRYPTED
1789445247,1,0.012092,404.0,9269.0,9,8,776,9601,9238,1,0.0,0.0,0.0,0.0,0.0,benign_encrypted_v2,BENIGN_ENCRYPTED
1789445251,1,0.041346,404.0,9269.0,9,8,776,9601,9238,1,0.0,0.0,0.0,0.0,0.0,benign_encrypted_v2,BENIGN_ENCRYPTED
1789445252,1,0.013632,404.0,9269.0,9,8,776,9601,9238,1,0.0,0.0,0.0,0.0,0.0,benign_encrypted_v2,BENIGN_ENCRYPTED
1789445253,1,0.013836,404.0,9269.0,9,8,776,9601,9238,1,0.0,0.0,0.0,0.0,0.0,benign_encrypted_v2,BENIGN_ENCRYPTED
1789445254,1,0.021501,404.0,9269.0,9,8,776,9601,9238,1,0.0,0.0,0.0,0.0,0.0,benign_encrypted_v2,BENIGN_ENCRYPTED
1789445256,1,0.018063,404.0,9269.0,9,8,776,9601,9238,1,0.0,0.0,0.0,0.0,0.0,benign_encrypted_v2,BENIGN_ENCRYPTED
1789445258,1,0.016205,404.0,9269.0,9,9,776,9641,9238,1,0.0,0.0,0.0,0.0,0.0,benign_encrypted_v2,BENIGN_ENCRYPTED
1789445261,1,0.01178,404.0,9269.0,9,9,776,9641,9238,1,0.0,0.0,0.0,0.0,0.0,benign_encrypted_v2,BENIGN_ENCRYPTED
1789445262,1,0.015512,404.0,9269.0,9,8,776,9601,9238,1,0.0,0.0,0.0,0.0,0.0,benign_encrypted_v2,BENIGN_ENCRYPTED
1789445263,1,0.013921,404.0,9269.0,9,8,776,9601,9238,1,0.0,0.0,0.0,0.0,0.0,benign_encrypted_v2,BENIGN_ENCRYPTED
1789445264,1,0.010907,404.0,9269.0,9,9,776,9641,9238,1,0.0,0.0,0.0,0.0,0.0,benign_encrypted_v2,BENIGN_ENCRYPTED
1789445265,1,0.011616,404.0,9269.0,9,8,776,9601,9238,1,0.0,0.0,0.0,0.0,0.0,benign_encrypted_v2,BENIGN_ENCRYPTED
1789445266,1,0.011268,404.0,9269.0,9,8,776,9601,9238,1,0.0,0.0,0.0,0.0,0.0,benign_encrypted_v2,BENIGN_ENCRYPTED
1789445267,1,0.032799,404.0,9269.0,9,9,776,9641,9238,1,0.0,0.0,0.0,0.0,0.0,benign_encrypted_v2,BENIGN_ENCRYPTED
1789445269,1,0.011872,404.0,9269.0,9,8,776,9601,9238,1,0.0,0.0,0.0,0.0,0.0,benign_encrypted_v2,BENIGN_ENCRYPTED
1789445270,1,0.010747,404.0,9269.0,9,8,776,9601,9238,1,0.0,0.0,0.0,0.0,0.0,benign_encrypted_v2,BENIGN_ENCRYPTED
1789445275,1,0.015839,404.0,9269.0,10,8,816,9601,9238,1,0.0,0.0,0.0,0.0,0.0,benign_encrypted_v2,BENIGN_ENCRYPTED
1789445276,1,0.019712,404.0,9269.0,9,8,776,9601,9238,1,0.0,0.0,0.0,0.0,0.0,benign_encrypted_v2,BENIGN_ENCRYPTED
1789445277,2,0.0339445,808.0,18538.0,18,16,1552,19202,18476,1,0.0,0.242171049118042,0.0,0.0,0.0,benign_encrypted_v2,BENIGN_ENCRYPTED
1789445281,2,0.0118944999999999,808.0,18538.0,18,16,1552,19202,18476,1,0.0,0.7310068607330322,0.0,0.0,0.0,benign_encrypted_v2,BENIGN_ENCRYPTED
1789445282,2,0.011851,808.0,18538.0,19,18,1592,19282,18476,1,0.0,0.4605529308319092,0.0,0.0,0.0,benign_encrypted_v2,BENIGN_ENCRYPTED
1789445284,1,0.032013,404.0,9269.0,10,8,816,9601,9238,1,0.0,0.0,0.0,0.0,0.0,benign_encrypted_v2,BENIGN_ENCRYPTED
1789445285,1,0.015771,404.0,9269.0,9,8,776,9601,9238,1,0.0,0.0,0.0,0.0,0.0,benign_encrypted_v2,BENIGN_ENCRYPTED
1789445286,1,0.031187,404.0,9269.0,9,8,776,9601,9238,1,0.0,0.0,0.0,0.0,0.0,benign_encrypted_v2,BENIGN_ENCRYPTED
1789445289,2,0.0122115,808.0,18538.0,18,18,1552,19282,18476,1,0.0,0.4024970531463623,0.0,0.0,0.0,benign_encrypted_v2,BENIGN_ENCRYPTED
1789445290,1,0.035882,404.0,9269.0,9,8,776,9601,9238,1,0.0,0.0,0.0,0.0,0.0,benign_encrypted_v2,BENIGN_ENCRYPTED
1789445292,1,0.016118,404.0,9269.0,9,8,776,9601,9238,1,0.0,0.0,0.0,0.0,0.0,benign_encrypted_v2,BENIGN_ENCRYPTED
1789445293,1,0.01058,404.0,9269.0,9,8,776,9601,9238,1,0.0,0.0,0.0,0.0,0.0,benign_encrypted_v2,BENIGN_ENCRYPTED
1789445294,2,0.017788,808.0,18538.0,18,17,1552,19242,18476,1,0.0,0.6279339790344238,0.0,0.0,0.0,benign_encrypted_v2,BENIGN_ENCRYPTED
1789445299,2,0.0148745,808.0,18538.0,18,16,1552,19202,18476,1,0.0,0.8473689556121826,0.0,0.0,0.0,benign_encrypted_v2,BENIGN_ENCRYPTED
1789445303,2,0.011447,808.0,18538.0,18,16,1552,19202,18476,1,0.0,0.336439847946167,0.0,0.0,0.0,benign_encrypted_v2,BENIGN_ENCRYPTED
1789445307,1,0.017461,404.0,9269.0,9,9,776,9641,9238,1,0.0,0.0,0.0,0.0,0.0,benign_encrypted_v2,BENIGN_ENCRYPTED
1789445308,1,0.023756,404.0,9269.0,9,8,776,9601,9238,1,0.0,0.0,0.0,0.0,0.0,benign_encrypted_v2,BENIGN_ENCRYPTED
1789445310,2,0.022011,808.0,18538.0,18,16,1552,19202,18476,1,0.0,0.8267269134521484,0.0,0.0,0.0,benign_encrypted_v2,BENIGN_ENCRYPTED
1789445314,1,0.022359,404.0,9269.0,9,8,776,9601,9238,1,0.0,0.0,0.0,0.0,0.0,benign_encrypted_v2,BENIGN_ENCRYPTED
1789445315,1,0.014281,404.0,9269.0,9,8,776,9601,9238,1,0.0,0.0,0.0,0.0,0.0,benign_encrypted_v2,BENIGN_ENCRYPTED
1789445319,1,0.018119,404.0,9269.0,9,8,776,9601,9238,1,0.0,0.0,0.0,0.0,0.0,benign_encrypted_v2,BENIGN_ENCRYPTED
1789445321,1,0.014364,404.0,9269.0,9,8,776,9601,9238,1,0.0,0.0,0.0,0.0,0.0,benign_encrypted_v2,BENIGN_ENCRYPTED
1789445322,1,0.026774,404.0,9269.0,9,9,776,9641,9238,1,0.0,0.0,0.0,0.0,0.0,benign_encrypted_v2,BENIGN_ENCRYPTED
1789445325,1,0.012768,404.0,9269.0,9,8,776,9601,9238,1,0.0,0.0,0.0,0.0,0.0,benign_encrypted_v2,BENIGN_ENCRYPTED
1789445326,1,0.03359,404.0,9269.0,9,8,776,9601,9238,1,0.0,0.0,0.0,0.0,0.0,benign_encrypted_v2,BENIGN_ENCRYPTED
1789445330,1,0.02817,404.0,9269.0,9,8,776,9601,9238,1,0.0,0.0,0.0,0.0,0.0,benign_encrypted_v2,BENIGN_ENCRYPTED
1789445331,1,0.022422,404.0,9269.0,9,8,776,9601,9238,1,0.0,0.0,0.0,0.0,0.0,benign_encrypted_v2,BENIGN_ENCRYPTED
1789445333,1,0.019775,404.0,9269.0,9,8,776,9601,9238,1,0.0,0.0,0.0,0.0,0.0,benign_encrypted_v2,BENIGN_ENCRYPTED
1789445334,1,0.017509,404.0,9269.0,9,9,776,9641,9238,1,0.0,0.0,0.0,0.0,0.0,benign_encrypted_v2,BENIGN_ENCRYPTED
1789445335,1,0.01611,404.0,9269.0,9,8,776,9601,9238,1,0.0,0.0,0.0,0.0,0.0,benign_encrypted_v2,BENIGN_ENCRYPTED
1789445336,2,0.020632,808.0,18538.0,18,18,1552,19282,18476,1,0.0,0.3971829414367676,0.0,0.0,0.0,benign_encrypted_v2,BENIGN_ENCRYPTED
1789445337,1,0.025254,404.0,9269.0,9,8,776,9601,9238,1,0.0,0.0,0.0,0.0,0.0,benign_encrypted_v2,BENIGN_ENCRYPTED
1789445338,1,0.012793,404.0,9269.0,9,8,776,9601,9238,1,0.0,0.0,0.0,0.0,0.0,benign_encrypted_v2,BENIGN_ENCRYPTED
1789445340,1,0.022125,404.0,9269.0,9,9,776,9641,9238,1,0.0,0.0,0.0,0.0,0.0,benign_encrypted_v2,BENIGN_ENCRYPTED
1789445341,1,0.056571,404.0,9269.0,9,8,776,9601,9238,1,0.0,0.0,0.0,0.0,0.0,benign_encrypted_v2,BENIGN_ENCRYPTED
1789445345,1,0.026087,404.0,9269.0,9,8,776,9601,9238,1,0.0,0.0,0.0,0.0,0.0,benign_encrypted_v2,BENIGN_ENCRYPTED
1789445346,1,0.018412,404.0,9269.0,10,8,816,9601,9238,1,0.0,0.0,0.0,0.0,0.0,benign_encrypted_v2,BENIGN_ENCRYPTED
1789445347,1,0.023274,404.0,9269.0,9,8,776,9601,9238,1,0.0,0.0,0.0,0.0,0.0,benign_encrypted_v2,BENIGN_ENCRYPTED
1789445348,1,0.020697,404.0,9269.0,9,8,776,9601,9238,1,0.0,0.0,0.0,0.0,0.0,benign_encrypted_v2,BENIGN_ENCRYPTED
1789445350,2,0.0180985,808.0,18538.0,18,16,1552,19202,18476,1,0.0,0.6519410610198975,0.0,0.0,0.0,benign_encrypted_v2,BENIGN_ENCRYPTED
1789445351,1,0.025132,404.0,9269.0,9,8,776,9601,9238,1,0.0,0.0,0.0,0.0,0.0,benign_encrypted_v2,BENIGN_ENCRYPTED
1789445352,1,0.021103,404.0,9269.0,9,10,776,9681,9238,1,0.0,0.0,0.0,0.0,0.0,benign_encrypted_v2,BENIGN_ENCRYPTED
1789445355,2,0.013649,808.0,18538.0,18,16,1552,19202,18476,1,0.0,0.4456210136413574,0.0,0.0,0.0,benign_encrypted_v2,BENIGN_ENCRYPTED
1789445356,1,0.035935,404.0,9269.0,9,8,776,9601,9238,1,0.0,0.0,0.0,0.0,0.0,benign_encrypted_v2,BENIGN_ENCRYPTED
1789445358,2,0.0368205,808.0,18538.0,18,17,1552,19242,18476,1,0.0,0.4323320388793945,0.0,0.0,0.0,benign_encrypted_v2,BENIGN_ENCRYPTED
1789445360,1,0.01946,404.0,9269.0,9,9,776,9641,9238,1,0.0,0.0,0.0,0.0,0.0,benign_encrypted_v2,BENIGN_ENCRYPTED
1789445361,1,0.027624,404.0,9269.0,9,8,776,9601,9238,1,0.0,0.0,0.0,0.0,0.0,benign_encrypted_v2,BENIGN_ENCRYPTED
1789445364,2,0.0318705,808.0,18538.0,18,18,1552,19282,18476,1,0.0,0.2200770378112793,0.0,0.0,0.0,benign_encrypted_v2,BENIGN_ENCRYPTED
1789445368,1,0.019763,404.0,9269.0,9,8,776,9601,9238,1,0.0,0.0,0.0,0.0,0.0,benign_encrypted_v2,BENIGN_ENCRYPTED
1789445371,1,0.022712,404.0,9269.0,9,8,776,9601,9238,1,0.0,0.0,0.0,0.0,0.0,benign_encrypted_v2,BENIGN_ENCRYPTED
1789445372,1,0.013727,404.0,9269.0,9,8,776,9601,9238,1,0.0,0.0,0.0,0.0,0.0,benign_encrypted_v2,BENIGN_ENCRYPTED
1789445375,1,0.026472,404.0,9269.0,9,10,776,9681,9238,1,0.0,0.0,0.0,0.0,0.0,benign_encrypted_v2,BENIGN_ENCRYPTED
1789445378,1,0.016801,404.0,9269.0,9,8,776,9601,9238,1,0.0,0.0,0.0,0.0,0.0,benign_encrypted_v2,BENIGN_ENCRYPTED
1789445379,1,0.030645,404.0,9269.0,9,9,776,9641,9238,1,0.0,0.0,0.0,0.0,0.0,benign_encrypted_v2,BENIGN_ENCRYPTED
1789445380,1,0.01859,404.0,9269.0,9,8,776,9601,9238,1,0.0,0.0,0.0,0.0,0.0,benign_encrypted_v2,BENIGN_ENCRYPTED
1789445383,1,0.012893,404.0,9269.0,9,9,776,9641,9238,1,0.0,0.0,0.0,0.0,0.0,benign_encrypted_v2,BENIGN_ENCRYPTED
1789445384,2,0.016919,808.0,18538.0,18,16,1552,19202,18476,1,0.0,0.4620518684387207,0.0,0.0,0.0,benign_encrypted_v2,BENIGN_ENCRYPTED
1789445385,1,0.015009,404.0,9269.0,9,8,776,9601,9238,1,0.0,0.0,0.0,0.0,0.0,benign_encrypted_v2,BENIGN_ENCRYPTED
1789445389,2,0.020316,808.0,18538.0,18,17,1552,19242,18476,1,0.0,0.6412761211395264,0.0,0.0,0.0,benign_encrypted_v2,BENIGN_ENCRYPTED
1789445390,1,0.022906,404.0,9269.0,9,9,776,9641,9238,1,0.0,0.0,0.0,0.0,0.0,benign_encrypted_v2,BENIGN_ENCRYPTED
1789445391,1,0.019939,404.0,9269.0,9,9,776,9641,9238,1,0.0,0.0,0.0,0.0,0.0,benign_encrypted_v2,BENIGN_ENCRYPTED
1789445396,1,0.047649,404.0,9269.0,9,8,776,9601,9238,1,0.0,0.0,0.0,0.0,0.0,benign_encrypted_v2,BENIGN_ENCRYPTED
1789445397,2,0.020974,808.0,18538.0,18,17,1552,19242,18476,1,0.0,0.3289508819580078,0.0,0.0,0.0,benign_encrypted_v2,BENIGN_ENCRYPTED
1789445398,1,0.050138,404.0,9269.0,9,8,776,9601,9238,1,0.0,0.0,0.0,0.0,0.0,benign_encrypted_v2,BENIGN_ENCRYPTED
1789445401,1,0.021247,404.0,9269.0,9,8,776,9601,9238,1,0.0,0.0,0.0,0.0,0.0,benign_encrypted_v2,BENIGN_ENCRYPTED
1789445402,1,0.029904,404.0,9269.0,9,8,776,9601,9238,1,0.0,0.0,0.0,0.0,0.0,benign_encrypted_v2,BENIGN_ENCRYPTED
1789445403,1,0.017895,404.0,9269.0,9,9,776,9641,9238,1,0.0,0.0,0.0,0.0,0.0,benign_encrypted_v2,BENIGN_ENCRYPTED
1789445404,1,0.020148,404.0,9269.0,9,9,776,9641,9238,1,0.0,0.0,0.0,0.0,0.0,benign_encrypted_v2,BENIGN_ENCRYPTED
1789445405,1,0.02237,404.0,9269.0,9,8,776,9601,9238,1,0.0,0.0,0.0,0.0,0.0,benign_encrypted_v2,BENIGN_ENCRYPTED
1789445409,2,0.0161154999999999,808.0,18538.0,18,16,1552,19202,18476,1,0.0,0.3126790523529053,0.0,0.0,0.0,benign_encrypted_v2,BENIGN_ENCRYPTED
1789445410,2,0.048299,808.0,18538.0,18,16,1552,19202,18476,1,0.0,0.6421360969543457,0.0,0.0,0.0,benign_encrypted_v2,BENIGN_ENCRYPTED
1789445413,2,0.020349,808.0,18538.0,18,16,1552,19202,18476,1,0.0,0.2825629711151123,0.0,0.0,0.0,benign_encrypted_v2,BENIGN_ENCRYPTED
1789445414,1,0.016108,404.0,9269.0,9,8,776,9601,9238,1,0.0,0.0,0.0,0.0,0.0,benign_encrypted_v2,BENIGN_ENCRYPTED
1789445419,1,0.016588,404.0,9269.0,9,8,776,9601,9238,1,0.0,0.0,0.0,0.0,0.0,benign_encrypted_v2,BENIGN_ENCRYPTED
1789445420,1,0.020321,404.0,9269.0,9,8,776,9601,9238,1,0.0,0.0,0.0,0.0,0.0,benign_encrypted_v2,BENIGN_ENCRYPTED
1789445424,1,0.020969,404.0,9269.0,9,8,776,9601,9238,1,0.0,0.0,0.0,0.0,0.0,benign_encrypted_v2,BENIGN_ENCRYPTED
1789445425,1,0.045018,404.0,9269.0,9,8,776,9601,9238,1,0.0,0.0,0.0,0.0,0.0,benign_encrypted_v2,BENIGN_ENCRYPTED
1789445426,1,0.016525,404.0,9269.0,10,8,816,9601,9238,1,0.0,0.0,0.0,0.0,0.0,benign_encrypted_v2,BENIGN_ENCRYPTED
1789445428,1,0.054263,404.0,9269.0,9,9,776,9641,9238,1,0.0,0.0,0.0,0.0,0.0,benign_encrypted_v2,BENIGN_ENCRYPTED
1789445429,2,0.019177,808.0,18538.0,18,16,1552,19202,18476,1,0.0,0.641869068145752,0.0,0.0,0.0,benign_encrypted_v2,BENIGN_ENCRYPTED
1789445434,1,0.01851,404.0,9269.0,9,9,776,9641,9238,1,0.0,0.0,0.0,0.0,0.0,benign_encrypted_v2,BENIGN_ENCRYPTED
1789445438,1,0.014134,404.0,9269.0,9,8,776,9601,9238,1,0.0,0.0,0.0,0.0,0.0,benign_encrypted_v2,BENIGN_ENCRYPTED
1789445439,1,0.019138,404.0,9269.0,9,8,776,9601,9238,1,0.0,0.0,0.0,0.0,0.0,benign_encrypted_v2,BENIGN_ENCRYPTED
1789445443,1,0.017341,404.0,9269.0,9,8,776,9601,9238,1,0.0,0.0,0.0,0.0,0.0,benign_encrypted_v2,BENIGN_ENCRYPTED
1789445444,1,0.049535,404.0,9269.0,9,9,776,9641,9238,1,0.0,0.0,0.0,0.0,0.0,benign_encrypted_v2,BENIGN_ENCRYPTED
1789445445,1,0.019262,404.0,9269.0,9,8,776,9601,9238,1,0.0,0.0,0.0,0.0,0.0,benign_encrypted_v2,BENIGN_ENCRYPTED
1789445447,1,0.017182,404.0,9269.0,9,10,776,9681,9238,1,0.0,0.0,0.0,0.0,0.0,benign_encrypted_v2,BENIGN_ENCRYPTED
1789445450,2,0.019403,808.0,18538.0,18,16,1552,19202,18476,1,0.0,0.314298152923584,0.0,0.0,0.0,benign_encrypted_v2,BENIGN_ENCRYPTED
1789445451,1,0.017997,404.0,9269.0,9,9,776,9641,9238,1,0.0,0.0,0.0,0.0,0.0,benign_encrypted_v2,BENIGN_ENCRYPTED
1789445452,1,0.021225,404.0,9269.0,9,8,776,9601,9238,1,0.0,0.0,0.0,0.0,0.0,benign_encrypted_v2,BENIGN_ENCRYPTED
1789445457,2,0.0215495,808.0,18538.0,18,16,1552,19202,18476,1,0.0,0.309481143951416,0.0,0.0,0.0,benign_encrypted_v2,BENIGN_ENCRYPTED
1789445458,1,0.044241,404.0,9269.0,9,10,776,9681,9238,1,0.0,0.0,0.0,0.0,0.0,benign_encrypted_v2,BENIGN_ENCRYPTED
1789445459,1,0.018076,404.0,9269.0,9,8,776,9601,9238,1,0.0,0.0,0.0,0.0,0.0,benign_encrypted_v2,BENIGN_ENCRYPTED
1789445463,1,0.03391,404.0,9269.0,9,8,776,9601,9238,1,0.0,0.0,0.0,0.0,0.0,benign_encrypted_v2,BENIGN_ENCRYPTED
1789445464,1,0.036374,404.0,9269.0,9,8,776,9601,9238,1,0.0,0.0,0.0,0.0,0.0,benign_encrypted_v2,BENIGN_ENCRYPTED
1789445467,1,0.01477,404.0,9269.0,9,8,776,9601,9238,1,0.0,0.0,0.0,0.0,0.0,benign_encrypted_v2,BENIGN_ENCRYPTED
1789445468,2,0.020754,808.0,18538.0,18,18,1552,19282,18476,1,0.0,0.8188190460205078,0.0,0.0,0.0,benign_encrypted_v2,BENIGN_ENCRYPTED
1789445471,1,0.015646,404.0,9269.0,9,8,776,9601,9238,1,0.0,0.0,0.0,0.0,0.0,benign_encrypted_v2,BENIGN_ENCRYPTED
1789445472,1,0.013164,404.0,9269.0,9,8,776,9601,9238,1,0.0,0.0,0.0,0.0,0.0,benign_encrypted_v2,BENIGN_ENCRYPTED
1789445473,1,0.020397,404.0,9269.0,9,10,776,9681,9238,1,0.0,0.0,0.0,0.0,0.0,benign_encrypted_v2,BENIGN_ENCRYPTED
1789445474,1,0.018688,404.0,9269.0,9,8,776,9601,9238,1,0.0,0.0,0.0,0.0,0.0,benign_encrypted_v2,BENIGN_ENCRYPTED
1789445475,1,0.023365,404.0,9269.0,9,9,776,9641,9238,1,0.0,0.0,0.0,0.0,0.0,benign_encrypted_v2,BENIGN_ENCRYPTED
1789445476,2,0.018223,808.0,18538.0,18,16,1552,19202,18476,1,0.0,0.6227600574493408,0.0,0.0,0.0,benign_encrypted_v2,BENIGN_ENCRYPTED
1789445478,1,0.013941,404.0,9269.0,9,8,776,9601,9238,1,0.0,0.0,0.0,0.0,0.0,benign_encrypted_v2,BENIGN_ENCRYPTED
1789445481,1,0.04372,404.0,9269.0,9,8,776,9601,9238,1,0.0,0.0,0.0,0.0,0.0,benign_encrypted_v2,BENIGN_ENCRYPTED
1789445482,1,0.011981,404.0,9269.0,9,8,776,9601,9238,1,0.0,0.0,0.0,0.0,0.0,benign_encrypted_v2,BENIGN_ENCRYPTED
1789445483,2,0.0148945,808.0,18538.0,18,16,1552,19202,18476,1,0.0,0.6195151805877686,0.0,0.0,0.0,benign_encrypted_v2,BENIGN_ENCRYPTED
1789445486,1,0.013046,404.0,9269.0,9,8,776,9601,9238,1,0.0,0.0,0.0,0.0,0.0,benign_encrypted_v2,BENIGN_ENCRYPTED
1789445488,1,0.017468,404.0,9269.0,9,9,776,9641,9238,1,0.0,0.0,0.0,0.0,0.0,benign_encrypted_v2,BENIGN_ENCRYPTED
1789445489,2,0.028031,808.0,18538.0,18,16,1552,19202,18476,1,0.0,0.2660930156707763,0.0,0.0,0.0,benign_encrypted_v2,BENIGN_ENCRYPTED
1789445494,2,0.024328,808.0,18538.0,18,16,1552,19202,18476,1,0.0,0.292090892791748,0.0,0.0,0.0,benign_encrypted_v2,BENIGN_ENCRYPTED
1789445495,1,0.028094,404.0,9269.0,9,8,776,9601,9238,1,0.0,0.0,0.0,0.0,0.0,benign_encrypted_v2,BENIGN_ENCRYPTED
1789445496,1,0.013682,404.0,9269.0,9,8,776,9601,9238,1,0.0,0.0,0.0,0.0,0.0,benign_encrypted_v2,BENIGN_ENCRYPTED
1789445500,1,0.014434,404.0,9269.0,9,8,776,9601,9238,1,0.0,0.0,0.0,0.0,0.0,benign_encrypted_v2,BENIGN_ENCRYPTED
1789445501,1,0.011513,404.0,9269.0,9,8,776,9601,9238,1,0.0,0.0,0.0,0.0,0.0,benign_encrypted_v2,BENIGN_ENCRYPTED
1789445502,1,0.015997,404.0,9269.0,9,8,776,9601,9238,1,0.0,0.0,0.0,0.0,0.0,benign_encrypted_v2,BENIGN_ENCRYPTED
1789445505,3,0.025349,1212.0,27807.0,27,24,2328,28803,27714,1,0.0,0.2024976015090942,0.0629025697708129,0.3106336534459545,0.0,benign_encrypted_v2,BENIGN_ENCRYPTED
1789445507,1,0.016612,404.0,9269.0,9,8,776,9601,9238,1,0.0,0.0,0.0,0.0,0.0,benign_encrypted_v2,BENIGN_ENCRYPTED
1789445510,2,0.0133239999999999,808.0,18538.0,18,16,1552,19202,18476,1,0.0,0.2809691429138183,0.0,0.0,0.0,benign_encrypted_v2,BENIGN_ENCRYPTED
1789445511,1,0.014555,404.0,9269.0,9,8,776,9601,9238,1,0.0,0.0,0.0,0.0,0.0,benign_encrypted_v2,BENIGN_ENCRYPTED
1789445512,1,0.012274,404.0,9269.0,9,8,776,9601,9238,1,0.0,0.0,0.0,0.0,0.0,benign_encrypted_v2,BENIGN_ENCRYPTED
1789445516,2,0.046404,808.0,18538.0,18,16,1552,19202,18476,1,0.0,0.2527060508728027,0.0,0.0,0.0,benign_encrypted_v2,BENIGN_ENCRYPTED
1789445517,1,0.019133,404.0,9269.0,9,8,776,9601,9238,1,0.0,0.0,0.0,0.0,0.0,benign_encrypted_v2,BENIGN_ENCRYPTED
1789445518,1,0.019427,404.0,9269.0,9,8,776,9601,9238,1,0.0,0.0,0.0,0.0,0.0,benign_encrypted_v2,BENIGN_ENCRYPTED
1789445521,2,0.0154405,808.0,18538.0,18,16,1552,19202,18476,1,0.0,0.4200210571289062,0.0,0.0,0.0,benign_encrypted_v2,BENIGN_ENCRYPTED
1789445522,1,0.013437,404.0,9269.0,9,8,776,9601,9238,1,0.0,0.0,0.0,0.0,0.0,benign_encrypted_v2,BENIGN_ENCRYPTED
1789445523,1,0.019189,404.0,9269.0,9,8,776,9601,9238,1,0.0,0.0,0.0,0.0,0.0,benign_encrypted_v2,BENIGN_ENCRYPTED
1789445525,1,0.014509,404.0,9269.0,9,8,776,9601,9238,1,0.0,0.0,0.0,0.0,0.0,benign_encrypted_v2,BENIGN_ENCRYPTED
1789445528,2,0.01306,808.0,18538.0,18,16,1552,19202,18476,1,0.0,0.3845288753509521,0.0,0.0,0.0,benign_encrypted_v2,BENIGN_ENCRYPTED
1789445529,1,0.034644,404.0,9269.0,9,8,776,9601,9238,1,0.0,0.0,0.0,0.0,0.0,benign_encrypted_v2,BENIGN_ENCRYPTED
1789445533,3,0.0151213333333333,1212.0,27807.0,27,24,2328,28803,27714,1,0.0,0.4120880365371704,0.0401669740676879,0.0974718276347363,0.0,benign_encrypted_v2,BENIGN_ENCRYPTED
1789445534,1,0.02552,404.0,9269.0,9,8,776,9601,9238,1,0.0,0.0,0.0,0.0,0.0,benign_encrypted_v2,BENIGN_ENCRYPTED
1789445539,1,0.043549,404.0,9269.0,9,8,776,9601,9238,1,0.0,0.0,0.0,0.0,0.0,benign_encrypted_v2,BENIGN_ENCRYPTED
1789445540,1,0.040291,404.0,9269.0,9,8,776,9601,9238,1,0.0,0.0,0.0,0.0,0.0,benign_encrypted_v2,BENIGN_ENCRYPTED
1789445541,1,0.024103,404.0,9269.0,9,8,776,9601,9238,1,0.0,0.0,0.0,0.0,0.0,benign_encrypted_v2,BENIGN_ENCRYPTED
1789445543,2,0.0167365,808.0,18538.0,18,16,1552,19202,18476,1,0.0,0.5948910713195801,0.0,0.0,0.0,benign_encrypted_v2,BENIGN_ENCRYPTED
1789445544,1,0.043778,404.0,9269.0,9,8,776,9601,9238,1,0.0,0.0,0.0,0.0,0.0,benign_encrypted_v2,BENIGN_ENCRYPTED
1789445545,1,0.013964,404.0,9269.0,9,8,776,9601,9238,1,0.0,0.0,0.0,0.0,0.0,benign_encrypted_v2,BENIGN_ENCRYPTED
1789445546,1,0.013487,404.0,9269.0,9,8,776,9601,9238,1,0.0,0.0,0.0,0.0,0.0,benign_encrypted_v2,BENIGN_ENCRYPTED
1789445548,1,0.027513,404.0,9269.0,9,8,776,9601,9238,1,0.0,0.0,0.0,0.0,0.0,benign_encrypted_v2,BENIGN_ENCRYPTED
1789445551,1,0.011746,404.0,9269.0,9,8,776,9601,9238,1,0.0,0.0,0.0,0.0,0.0,benign_encrypted_v2,BENIGN_ENCRYPTED
1789445552,1,0.010584,404.0,9269.0,9,8,776,9601,9238,1,0.0,0.0,0.0,0.0,0.0,benign_encrypted_v2,BENIGN_ENCRYPTED
1789445556,3,0.0112443333333333,1212.0,27807.0,27,24,2328,28803,27714,1,0.0,0.4575904607772827,0.1597155332565307,0.3490359763733517,0.0,benign_encrypted_v2,BENIGN_ENCRYPTED
1789445557,1,0.034152,404.0,9269.0,10,8,816,9601,9238,1,0.0,0.0,0.0,0.0,0.0,benign_encrypted_v2,BENIGN_ENCRYPTED
1789445560,1,0.012281,404.0,9269.0,9,8,776,9601,9238,1,0.0,0.0,0.0,0.0,0.0,benign_encrypted_v2,BENIGN_ENCRYPTED
1789445561,2,0.0138615,808.0,18538.0,18,18,1552,19282,18476,1,0.0,0.361750841140747,0.0,0.0,0.0,benign_encrypted_v2,BENIGN_ENCRYPTED
1789445562,1,0.026306,404.0,9269.0,9,8,776,9601,9238,1,0.0,0.0,0.0,0.0,0.0,benign_encrypted_v2,BENIGN_ENCRYPTED
1789445564,1,0.020008,404.0,9269.0,9,8,776,9601,9238,1,0.0,0.0,0.0,0.0,0.0,benign_encrypted_v2,BENIGN_ENCRYPTED
1789445565,1,0.015771,404.0,9269.0,10,8,816,9601,9238,1,0.0,0.0,0.0,0.0,0.0,benign_encrypted_v2,BENIGN_ENCRYPTED
1789445566,1,0.011666,404.0,9269.0,9,8,776,9601,9238,1,0.0,0.0,0.0,0.0,0.0,benign_encrypted_v2,BENIGN_ENCRYPTED
1789445567,1,0.016682,404.0,9269.0,9,8,776,9601,9238,1,0.0,0.0,0.0,0.0,0.0,benign_encrypted_v2,BENIGN_ENCRYPTED
1789445571,1,0.021654,404.0,9269.0,10,8,816,9601,9238,1,0.0,0.0,0.0,0.0,0.0,benign_encrypted_v2,BENIGN_ENCRYPTED
1788761700,1,0.005399,0.0,0.0,4,0,172,0,0,1,0.0,0.0,0.0,0.0,0.0,c2_beacon,C2_BEACON
1788761944,1,0.021652,164.0,2886.0,6,4,416,3046,0,1,0.0,0.0,0.0,0.0,0.0,c2_beacon,C2_BEACON
1788761947,1,0.019009,164.0,2886.0,5,4,376,3046,0,1,0.0,0.0,0.0,0.0,0.0,c2_beacon,C2_BEACON
1788761950,1,0.018621,164.0,2886.0,5,4,376,3046,0,1,0.0,0.0,0.0,0.0,0.0,c2_beacon,C2_BEACON
1788761953,1,0.01949,164.0,2886.0,5,4,376,3046,0,1,0.0,0.0,0.0,0.0,0.0,c2_beacon,C2_BEACON
1788761956,1,0.021807,164.0,2886.0,6,4,416,3046,0,1,0.0,0.0,0.0,0.0,0.0,c2_beacon,C2_BEACON
1788761959,1,0.02072,164.0,2886.0,5,4,376,3046,0,1,0.0,0.0,0.0,0.0,0.0,c2_beacon,C2_BEACON
1788761962,1,0.017656,164.0,2886.0,5,4,376,3046,0,1,0.0,0.0,0.0,0.0,0.0,c2_beacon,C2_BEACON
1788761965,1,0.020164,164.0,2886.0,5,4,376,3046,0,1,0.0,0.0,0.0,0.0,0.0,c2_beacon,C2_BEACON
1788761969,1,0.020711,164.0,2886.0,5,4,376,3046,0,1,0.0,0.0,0.0,0.0,0.0,c2_beacon,C2_BEACON
1788761972,1,0.026762,164.0,2886.0,6,4,416,3046,0,1,0.0,0.0,0.0,0.0,0.0,c2_beacon,C2_BEACON
1788761975,1,0.021802,164.0,2886.0,5,4,376,3046,0,1,0.0,0.0,0.0,0.0,0.0,c2_beacon,C2_BEACON
1788761978,1,0.026408,164.0,2886.0,5,4,376,3046,0,1,0.0,0.0,0.0,0.0,0.0,c2_beacon,C2_BEACON
1788761981,1,0.023663,164.0,2886.0,5,4,376,3046,0,1,0.0,0.0,0.0,0.0,0.0,c2_beacon,C2_BEACON
1788761984,1,0.025116,164.0,2886.0,5,4,376,3046,0,1,0.0,0.0,0.0,0.0,0.0,c2_beacon,C2_BEACON
1788761987,1,0.024856,164.0,2886.0,5,4,376,3046,0,1,0.0,0.0,0.0,0.0,0.0,c2_beacon,C2_BEACON
1788761990,1,0.025489,164.0,2886.0,5,4,376,3046,0,1,0.0,0.0,0.0,0.0,0.0,c2_beacon,C2_BEACON
1788761993,1,0.02772,164.0,2886.0,6,4,416,3046,0,1,0.0,0.0,0.0,0.0,0.0,c2_beacon,C2_BEACON
1788761996,1,0.026088,164.0,2886.0,5,4,376,3046,0,1,0.0,0.0,0.0,0.0,0.0,c2_beacon,C2_BEACON
1788761999,1,0.022798,164.0,2886.0,5,4,376,3046,0,1,0.0,0.0,0.0,0.0,0.0,c2_beacon,C2_BEACON
1788762002,1,0.028796,164.0,2886.0,6,4,416,3046,0,1,0.0,0.0,0.0,0.0,0.0,c2_beacon,C2_BEACON
1788762005,1,0.025494,164.0,2886.0,5,4,376,3046,0,1,0.0,0.0,0.0,0.0,0.0,c2_beacon,C2_BEACON
1788762008,1,0.021957,164.0,2886.0,5,4,376,3046,0,1,0.0,0.0,0.0,0.0,0.0,c2_beacon,C2_BEACON
1788762011,1,0.026888,164.0,2886.0,5,4,376,3046,0,1,0.0,0.0,0.0,0.0,0.0,c2_beacon,C2_BEACON
1788762014,1,0.025744,164.0,2886.0,6,4,416,3046,0,1,0.0,0.0,0.0,0.0,0.0,c2_beacon,C2_BEACON
1788762017,1,0.029398,164.0,2886.0,5,4,376,3046,0,1,0.0,0.0,0.0,0.0,0.0,c2_beacon,C2_BEACON
1788762021,1,0.032779,164.0,2886.0,5,4,376,3046,0,1,0.0,0.0,0.0,0.0,0.0,c2_beacon,C2_BEACON
1788762024,1,0.025626,164.0,2886.0,5,4,376,3046,0,1,0.0,0.0,0.0,0.0,0.0,c2_beacon,C2_BEACON
1788762027,1,0.029829,164.0,2886.0,5,4,376,3046,0,1,0.0,0.0,0.0,0.0,0.0,c2_beacon,C2_BEACON
1788762030,1,0.032204,164.0,2886.0,5,4,376,3046,0,1,0.0,0.0,0.0,0.0,0.0,c2_beacon,C2_BEACON
1788762033,1,0.025587,164.0,2886.0,5,4,376,3046,0,1,0.0,0.0,0.0,0.0,0.0,c2_beacon,C2_BEACON
1789020197,1,0.042338,500000.0,0.0,15,0,500612,0,0,1,0.0,0.0,0.0,0.0,0.0,data_exfiltration,DATA_EXFIL
1789020198,1,0.023828,1000000.0,0.0,28,0,1001132,0,0,1,0.0,0.0,0.0,0.0,0.0,data_exfiltration,DATA_EXFIL
1789020200,1,0.028389,2000000.0,0.0,58,0,2002332,0,0,1,0.0,0.0,0.0,0.0,0.0,data_exfiltration,DATA_EXFIL
1789020201,1,0.009194,500000.0,0.0,18,0,500732,0,0,1,0.0,0.0,0.0,0.0,0.0,data_exfiltration,DATA_EXFIL
1789020202,1,0.018974,1000000.0,0.0,29,0,1001172,0,0,1,0.0,0.0,0.0,0.0,0.0,data_exfiltration,DATA_EXFIL
1789020203,1,0.017517,2000000.0,0.0,50,0,2002012,0,0,1,0.0,0.0,0.0,0.0,0.0,data_exfiltration,DATA_EXFIL
1789020204,1,0.0049,500000.0,0.0,15,0,500612,0,0,1,0.0,0.0,0.0,0.0,0.0,data_exfiltration,DATA_EXFIL
1789020205,1,0.011352,1000000.0,0.0,29,0,1001172,0,0,1,0.0,0.0,0.0,0.0,0.0,data_exfiltration,DATA_EXFIL
1789020207,1,0.019172,2000000.0,0.0,57,0,2002292,0,0,1,0.0,0.0,0.0,0.0,0.0,data_exfiltration,DATA_EXFIL
1789020209,1,0.020922,500000.0,0.0,17,0,500692,0,0,1,0.0,0.0,0.0,0.0,0.0,data_exfiltration,DATA_EXFIL
1788675481,35757,0.0001086948010179,0.0,0.0,35757,3073,1430280,122920,0,1,1.0,8.611700947965628e-06,5.44104753951403e-05,6.318203073226071,0.0,ddos_syn,DDOS_SYN
1788675482,109485,7.593398182399416e-05,0.0,0.0,109485,9940,4379400,397600,0,1,1.0,9.127607178685435e-06,5.456420174145612e-05,5.977930543381961,0.0,ddos_syn,DDOS_SYN
1788675483,108239,0.0001421059691977,0.0,0.0,108239,10028,4329560,401120,0,1,1.0,9.2387320551746e-06,5.553077528667077e-05,6.010648967308026,0.0,ddos_syn,DDOS_SYN
1788675484,113788,0.0001521140893591,0.0,0.0,113788,10371,4551520,414840,0,1,1.0,8.788270541397473e-06,4.70824503052137e-05,5.3574193105947385,0.0,ddos_syn,DDOS_SYN
1788675485,108441,0.0002078780258389,0.0,0.0,108441,10556,4337640,422240,0,1,1.0,9.2216146603496e-06,5.507835415688759e-05,5.972745141228827,0.0,ddos_syn,DDOS_SYN
1788675486,112528,0.0001045258513436,0.0,0.0,112528,10297,4501120,411880,0,1,1.0,8.886684029329055e-06,4.916292460078248e-05,5.532201261857431,0.0,ddos_syn,DDOS_SYN
1788675487,111536,0.0001909549203844,0.0,0.0,111536,10828,4461440,433120,0,1,1.0,8.965769838858214e-06,5.051340228914691e-05,5.634028443404674,0.0,ddos_syn,DDOS_SYN
1788675488,107307,6.456493052643351e-05,0.0,0.0,107307,10469,4292280,418760,0,1,1.0,9.31899229806927e-06,5.658403853361896e-05,6.071905279430499,0.0,ddos_syn,DDOS_SYN
1788675489,106020,0.000149882286361,0.0,0.0,106020,10460,4240800,418400,0,1,1.0,9.432082672345104e-06,5.917690097672805e-05,6.274001515087957,0.0,ddos_syn,DDOS_SYN
1788675490,106400,6.775225563909775e-05,0.0,0.0,106400,10621,4256000,424840,0,1,1.0,9.390558037666316e-06,5.62171128190912e-05,5.986557198581773,0.0,ddos_syn,DDOS_SYN
1788675491,108299,6.94276678455018e-05,0.0,0.0,108299,10569,4331960,422760,0,1,1.0,9.229118076506147e-06,5.5424221329660894e-05,6.0053648539560935,0.0,ddos_syn,DDOS_SYN
1788675492,77872,5.0705388329566464e-05,0.0,0.0,77872,7926,3114880,317040,0,1,1.0,1.0380024390768014e-05,7.086731195031092e-05,6.827277979552751,0.0,ddos_syn,DDOS_SYN
1788758407,21,0.0,0.0,0.0,21,0,1449,0,0,1,1.0,0.0395066499710083,0.05999738885845,1.5186655639614786,0.0,dga_dns,DGA_DNS
1788758408,21,0.0,0.0,0.0,21,0,1449,0,0,1,1.0,0.0380283951759338,0.0575788555728385,1.5141016418509607,0.0,dga_dns,DGA_DNS
1788758409,24,0.0,0.0,0.0,24,0,1656,0,0,1,1.0,0.0392117292984672,0.0588425710058415,1.5006369792556358,0.0,dga_dns,DGA_DNS
1788758410,24,0.0,0.0,0.0,24,0,1656,0,0,1,1.0,0.0395105299742325,0.0592164904541717,1.4987521172910292,0.0,dga_dns,DGA_DNS
1788758411,24,0.0,0.0,0.0,24,0,1656,0,0,1,1.0,0.0368838621222454,0.0552076572539285,1.4967970835307849,0.0,dga_dns,DGA_DNS
1788758412,27,0.0,0.0,0.0,27,0,1863,0,0,1,1.0,0.036646503668565,0.0545562461723603,1.4887162678811874,0.0,dga_dns,DGA_DNS
1788758413,21,0.0,0.0,0.0,21,0,1449,0,0,1,1.0,0.0387600421905517,0.0589936465629491,1.522022248400173,0.0,dga_dns,DGA_DNS
1788758414,24,0.0,0.0,0.0,24,0,1656,0,0,1,1.0,0.0375013040459674,0.056210079635648,1.4988833339434866,0.0,dga_dns,DGA_DNS
1788758415,24,0.0,0.0,0.0,24,0,1656,0,0,1,1.0,0.0402778231579324,0.0604074436395461,1.4997693247394213,0.0,dga_dns,DGA_DNS
1788758416,24,0.0,0.0,0.0,24,0,1656,0,0,1,1.0,0.0401679121929666,0.0601675362781704,1.4979005129548582,0.0,dga_dns,DGA_DNS
1788758417,21,0.0,0.0,0.0,21,0,1449,0,0,1,1.0,0.0377575516700744,0.0573625931123118,1.5192349761855923,0.0,dga_dns,DGA_DNS
1788758418,24,0.0,0.0,0.0,24,0,1656,0,0,1,1.0,0.041064687397169,0.0615198102580432,1.4981195318263745,0.0,dga_dns,DGA_DNS
1788758419,21,0.0,0.0,0.0,21,0,1449,0,0,1,1.0,0.0385102033615112,0.0584289276355796,1.517232383508419,0.0,dga_dns,DGA_DNS
1788754454,3,0.0,0.0,0.0,3,0,197,0,0,1,1.0,0.000773549079895,0.0004185438156127,0.5410695022345507,0.0,dns_tunnel,DNS_TUNNEL
1788755805,18,0.0,0.0,0.0,18,0,1482,0,0,1,1.0,0.0367059988134047,0.0564652841485249,1.538312155339149,0.0,dns_tunnel,DNS_TUNNEL
1788755806,24,0.0,0.0,0.0,24,0,1976,0,0,1,1.0,0.0390881766443667,0.0585024877553135,1.4966798857767831,0.0,dns_tunnel,DNS_TUNNEL
1788755807,24,0.0,0.0,0.0,24,0,1976,0,0,1,1.0,0.0375693880993387,0.0562823471287855,1.4980905991858884,0.0,dns_tunnel,DNS_TUNNEL
1788755808,24,0.0,0.0,0.0,24,0,1976,0,0,1,1.0,0.0378031730651855,0.0568219687720052,1.503100511537082,0.0,dns_tunnel,DNS_TUNNEL
1788755809,27,0.0,0.0,0.0,27,0,2223,0,0,1,1.0,0.035925425015963,0.0536713423730147,1.4939654116594727,0.0,dns_tunnel,DNS_TUNNEL
1788755810,24,0.0,0.0,0.0,24,0,1976,0,0,1,1.0,0.0355900059575619,0.0533899559933077,1.5001390012963385,0.0,dns_tunnel,DNS_TUNNEL
1788755811,24,0.0,0.0,0.0,24,0,1976,0,0,1,1.0,0.0364776072294815,0.0545717372486667,1.4960339066472887,0.0,dns_tunnel,DNS_TUNNEL
1788755812,24,0.0,0.0,0.0,24,0,1976,0,0,1,1.0,0.0395212173461914,0.0594000873749413,1.5029923510356054,0.0,dns_tunnel,DNS_TUNNEL
1788755813,24,0.0,0.0,0.0,24,0,1976,0,0,1,1.0,0.0393569987753163,0.0589910534217097,1.4988707283927192,0.0,dns_tunnel,DNS_TUNNEL
1788755814,24,0.0,0.0,0.0,24,0,1976,0,0,1,1.0,0.0392445688662321,0.058783087748886,1.4978655504982676,0.0,dns_tunnel,DNS_TUNNEL
1788755815,21,0.0,0.0,0.0,21,0,1729,0,0,1,1.0,0.0391273021697998,0.0591922165358841,1.5128110872303218,0.0,dns_tunnel,DNS_TUNNEL
1788755816,24,0.0,0.0,0.0,24,0,1976,0,0,1,1.0,0.0381430853968081,0.057393603072865,1.504692199799543,0.0,dns_tunnel,DNS_TUNNEL
1788755817,24,0.0,0.0,0.0,24,0,1976,0,0,1,1.0,0.0397114339082137,0.0596777657463987,1.502785466884268,0.0,dns_tunnel,DNS_TUNNEL
1788755818,24,0.0,0.0,0.0,24,0,1976,0,0,1,1.0,0.0403768186983854,0.0605561914319807,1.4997761929768416,0.0,dns_tunnel,DNS_TUNNEL
1788755819,24,0.0,0.0,0.0,24,0,1976,0,0,1,1.0,0.0381569551384967,0.0572622852314588,1.5007037386399482,0.0,dns_tunnel,DNS_TUNNEL
1788755820,24,0.0,0.0,0.0,24,0,1976,0,0,1,1.0,0.0364549160003662,0.0546274960170386,1.4984946342076293,0.0,dns_tunnel,DNS_TUNNEL
1788755821,24,0.0,0.0,0.0,24,0,1976,0,0,1,1.0,0.0370655578115712,0.0556800763285593,1.502205271309231,0.0,dns_tunnel,DNS_TUNNEL
1788755822,24,0.0,0.0,0.0,24,0,1976,0,0,1,1.0,0.0372158651766569,0.0560474422423084,1.5060093854129522,0.0,dns_tunnel,DNS_TUNNEL
1788755823,24,0.0,0.0,0.0,24,0,1976,0,0,1,1.0,0.0391928734986678,0.0585997775883017,1.4951641040122652,0.0,dns_tunnel,DNS_TUNNEL
1788755824,24,0.0,0.0,0.0,24,0,1976,0,0,1,1.0,0.0374710456184718,0.0561318119790624,1.4980049542944027,0.0,dns_tunnel,DNS_TUNNEL
1788755825,27,0.0,0.0,0.0,27,0,2223,0,0,1,1.0,0.0367030822313748,0.0545458503815855,1.4861381405989424,0.0,dns_tunnel,DNS_TUNNEL
1788755826,21,0.0,0.0,0.0,21,0,1729,0,0,1,1.0,0.0385658979415893,0.0589484565303415,1.528512485813838,0.0,dns_tunnel,DNS_TUNNEL
1788755827,27,0.0,0.0,0.0,27,0,2223,0,0,1,1.0,0.0369915045224703,0.0551203487108522,1.4900812881879313,0.0,dns_tunnel,DNS_TUNNEL
1788755828,24,0.0,0.0,0.0,24,0,1976,0,0,1,1.0,0.037766871245011,0.0563938688215546,1.493209973781035,0.0,dns_tunnel,DNS_TUNNEL
1788755829,24,0.0,0.0,0.0,24,0,1976,0,0,1,1.0,0.0363120410753333,0.0544432577680579,1.4993169250692753,0.0,dns_tunnel,DNS_TUNNEL
1788755830,24,0.0,0.0,0.0,24,0,1976,0,0,1,1.0,0.0393843858138374,0.0590708158842946,1.4998536771275617,0.0,dns_tunnel,DNS_TUNNEL
1788755831,21,0.0,0.0,0.0,21,0,1729,0,0,1,1.0,0.0399809479713439,0.0605617730970974,1.5147658114686164,0.0,dns_tunnel,DNS_TUNNEL
1788755832,27,0.0,0.0,0.0,27,0,2223,0,0,1,1.0,0.0363470774430495,0.0540752679051436,1.4877473433695343,0.0,dns_tunnel,DNS_TUNNEL
1788755833,24,0.0,0.0,0.0,24,0,1976,0,0,1,1.0,0.0378025303716244,0.0567780880448122,1.501965278161148,0.0,dns_tunnel,DNS_TUNNEL
1788755834,24,0.0,0.0,0.0,24,0,1976,0,0,1,1.0,0.0382016016089397,0.0574826096177436,1.5047172683014365,0.0,dns_tunnel,DNS_TUNNEL
1788755835,24,0.0,0.0,0.0,24,0,1976,0,0,1,1.0,0.0384930009427277,0.0578322823903253,1.502410333670054,0.0,dns_tunnel,DNS_TUNNEL
1788755836,24,0.0,0.0,0.0,24,0,1976,0,0,1,1.0,0.0386699075284211,0.0579903306555652,1.4996242391566157,0.0,dns_tunnel,DNS_TUNNEL
1788755837,25,0.0,0.0,0.0,25,0,2049,0,0,1,1.0,0.0392216642697652,0.0549653472019725,1.4014027253897965,0.0,dns_tunnel,DNS_TUNNEL
1788755838,26,0.0,0.0,0.0,26,0,2150,0,0,1,1.0,0.0385098361968994,0.0557328805868914,1.4472375395712214,0.0,dns_tunnel,DNS_TUNNEL
1788755839,24,0.0,0.0,0.0,24,0,1976,0,0,1,1.0,0.0357504720273225,0.0536868683532537,1.5017107553775306,0.0,dns_tunnel,DNS_TUNNEL
1788755840,27,0.0,0.0,0.0,27,0,2223,0,0,1,1.0,0.0360584625831017,0.0536911945039163,1.489003985685123,0.0,dns_tunnel,DNS_TUNNEL
1788755841,24,0.0,0.0,0.0,24,0,1976,0,0,1,1.0,0.0388063451518183,0.0580001852453524,1.4946057150820031,0.0,dns_tunnel,DNS_TUNNEL
1788755842,24,0.0,0.0,0.0,24,0,1976,0,0,1,1.0,0.0376248670660931,0.0564759794525628,1.5010280130254063,0.0,dns_tunnel,DNS_TUNNEL
1788755843,24,0.0,0.0,0.0,24,0,1976,0,0,1,1.0,0.038312175999517,0.0573359038590377,1.496545219978122,0.0,dns_tunnel,DNS_TUNNEL
1788755844,24,0.0,0.0,0.0,24,0,1976,0,0,1,1.0,0.038896954577902,0.0584161366916589,1.5018177470594574,0.0,dns_tunnel,DNS_TUNNEL
1788755845,24,0.0,0.0,0.0,24,0,1976,0,0,1,1.0,0.037998168364815,0.0570818411542294,1.5022261232750664,0.0,dns_tunnel,DNS_TUNNEL
1788755846,24,0.0,0.0,0.0,24,0,1976,0,0,1,1.0,0.037273997845857,0.0560626874566571,1.5040696114352667,0.0,dns_tunnel,DNS_TUNNEL
1788755847,21,0.0,0.0,0.0,21,0,1729,0,0,1,1.0,0.0371850967407226,0.0563257548823478,1.5147400388678725,0.0,dns_tunnel,DNS_TUNNEL
1788755848,27,0.0,0.0,0.0,27,0,2223,0,0,1,1.0,0.0378046861061683,0.0561683604709325,1.485751272029949,0.0,dns_tunnel,DNS_TUNNEL
1788755849,24,0.0,0.0,0.0,24,0,1976,0,0,1,1.0,0.0382107340771219,0.0571895529723213,1.4966881519966075,0.0,dns_tunnel,DNS_TUNNEL
1788755850,24,0.0,0.0,0.0,24,0,1976,0,0,1,1.0,0.0367850428042204,0.0552042388404114,1.5007251489205191,0.0,dns_tunnel,DNS_TUNNEL
1788755851,24,0.0,0.0,0.0,24,0,1976,0,0,1,1.0,0.0387497362883194,0.0581027424572184,1.4994358161537376,0.0,dns_tunnel,DNS_TUNNEL
1788755852,21,0.0,0.0,0.0,21,0,1729,0,0,1,1.0,0.0369753003120422,0.0558549220105757,1.5106009022024014,0.0,dns_tunnel,DNS_TUNNEL
1788755853,24,0.0,0.0,0.0,24,0,1976,0,0,1,1.0,0.0389558232348898,0.0585599616441502,1.5032402547638226,0.0,dns_tunnel,DNS_TUNNEL
1788755854,24,0.0,0.0,0.0,24,0,1976,0,0,1,1.0,0.0380297847416089,0.0573518670147367,1.5080776134919105,0.0,dns_tunnel,DNS_TUNNEL
1788755855,24,0.0,0.0,0.0,24,0,1976,0,0,1,1.0,0.0384016866269318,0.057959228880064,1.5092886269067165,0.0,dns_tunnel,DNS_TUNNEL
1788755856,24,0.0,0.0,0.0,24,0,1976,0,0,1,1.0,0.0387315231820811,0.0582053624706681,1.5027904324092387,0.0,dns_tunnel,DNS_TUNNEL
1788755857,24,0.0,0.0,0.0,24,0,1976,0,0,1,1.0,0.0384504276773203,0.0576882835039241,1.5003287866665538,0.0,dns_tunnel,DNS_TUNNEL
1788755858,24,0.0,0.0,0.0,24,0,1976,0,0,1,1.0,0.0380924784618875,0.0574406571654199,1.507926485353026,0.0,dns_tunnel,DNS_TUNNEL
1788755859,24,0.0,0.0,0.0,24,0,1976,0,0,1,1.0,0.0366499527640964,0.0550924150822004,1.5032056231235005,0.0,dns_tunnel,DNS_TUNNEL
1788755860,24,0.0,0.0,0.0,24,0,1976,0,0,1,1.0,0.0383750355761984,0.0575429501569252,1.4994891677081723,0.0,dns_tunnel,DNS_TUNNEL
1788755861,24,0.0,0.0,0.0,24,0,1976,0,0,1,1.0,0.0389309655065121,0.058288619519909,1.49723025775353,0.0,dns_tunnel,DNS_TUNNEL
1788755862,24,0.0,0.0,0.0,24,0,1976,0,0,1,1.0,0.0390366160351297,0.0585547808146994,1.4999963306759212,0.0,dns_tunnel,DNS_TUNNEL
1788755863,24,0.0,0.0,0.0,24,0,1976,0,0,1,1.0,0.0385219947151515,0.0575766356026083,1.494643152005888,0.0,dns_tunnel,DNS_TUNNEL
1788755864,24,0.0,0.0,0.0,24,0,1976,0,0,1,1.0,0.036912959554921,0.0553282394180035,1.4988838631506458,0.0,dns_tunnel,DNS_TUNNEL
1788755865,24,0.0,0.0,0.0,24,0,1976,0,0,1,1.0,0.0379803491675335,0.0571607004778883,1.505007240079578,0.0,dns_tunnel,DNS_TUNNEL
1788755866,24,0.0,0.0,0.0,24,0,1976,0,0,1,1.0,0.0391751786936884,0.0586719589983174,1.4976819750351316,0.0,dns_tunnel,DNS_TUNNEL
1788755867,12,0.0,0.0,0.0,12,0,988,0,0,1,1.0,0.0350492650812322,0.0566495404046129,1.6162832593869991,0.0,dns_tunnel,DNS_TUNNEL
1789099029,1,0.084285,305.0,1463.0,8,6,637,1715,1432,1,0.0,0.0,0.0,0.0,1.0,encrypted_malware,ENCRYPTED_MALWARE
1789099031,1,0.003959,439.0,140.0,7,6,731,392,353,1,0.0,0.0,0.0,0.0,1.0,encrypted_malware,ENCRYPTED_MALWARE
1789099034,1,0.003666,439.0,140.0,7,6,731,392,353,1,0.0,0.0,0.0,0.0,1.0,encrypted_malware,ENCRYPTED_MALWARE
1789099038,1,0.003733,439.0,140.0,7,6,731,392,353,1,0.0,0.0,0.0,0.0,1.0,encrypted_malware,ENCRYPTED_MALWARE
1789099040,1,0.003108,439.0,140.0,7,6,731,392,353,1,0.0,0.0,0.0,0.0,1.0,encrypted_malware,ENCRYPTED_MALWARE
1789099045,1,0.003136,439.0,140.0,7,6,731,392,353,1,0.0,0.0,0.0,0.0,1.0,encrypted_malware,ENCRYPTED_MALWARE
1789099049,1,0.003886,439.0,140.0,7,6,731,392,353,1,0.0,0.0,0.0,0.0,1.0,encrypted_malware,ENCRYPTED_MALWARE
1789099051,1,0.003206,439.0,140.0,7,6,731,392,353,1,0.0,0.0,0.0,0.0,1.0,encrypted_malware,ENCRYPTED_MALWARE
1789099053,1,0.003896,439.0,140.0,7,6,731,392,353,1,0.0,0.0,0.0,0.0,1.0,encrypted_malware,ENCRYPTED_MALWARE
1789099057,1,0.003836,439.0,140.0,7,6,731,392,353,1,0.0,0.0,0.0,0.0,1.0,encrypted_malware,ENCRYPTED_MALWARE
1789099060,1,0.004396,439.0,140.0,7,6,731,392,353,1,0.0,0.0,0.0,0.0,1.0,encrypted_malware,ENCRYPTED_MALWARE
1789099062,1,0.003752,439.0,140.0,7,6,731,392,353,1,0.0,0.0,0.0,0.0,1.0,encrypted_malware,ENCRYPTED_MALWARE
1789099064,1,0.003071,439.0,140.0,7,6,731,392,353,1,0.0,0.0,0.0,0.0,1.0,encrypted_malware,ENCRYPTED_MALWARE
1789099068,1,0.004359,439.0,140.0,7,6,731,392,353,1,0.0,0.0,0.0,0.0,1.0,encrypted_malware,ENCRYPTED_MALWARE
1789099072,1,0.004865,439.0,140.0,7,6,731,392,353,1,0.0,0.0,0.0,0.0,1.0,encrypted_malware,ENCRYPTED_MALWARE
1789099073,1,0.003423,439.0,140.0,7,6,731,392,353,1,0.0,0.0,0.0,0.0,1.0,encrypted_malware,ENCRYPTED_MALWARE
1789099075,1,0.003039,439.0,140.0,7,6,731,392,353,1,0.0,0.0,0.0,0.0,1.0,encrypted_malware,ENCRYPTED_MALWARE
1789099076,1,0.003949,439.0,140.0,7,6,731,392,353,1,0.0,0.0,0.0,0.0,1.0,encrypted_malware,ENCRYPTED_MALWARE
1789099078,1,0.004362,439.0,140.0,7,6,731,392,353,1,0.0,0.0,0.0,0.0,1.0,encrypted_malware,ENCRYPTED_MALWARE
1789099081,1,0.003688,439.0,140.0,7,6,731,392,353,1,0.0,0.0,0.0,0.0,1.0,encrypted_malware,ENCRYPTED_MALWARE
1789099083,1,0.004498,439.0,140.0,7,6,731,392,353,1,0.0,0.0,0.0,0.0,1.0,encrypted_malware,ENCRYPTED_MALWARE
1789099089,1,0.003471,439.0,140.0,7,6,731,392,353,1,0.0,0.0,0.0,0.0,1.0,encrypted_malware,ENCRYPTED_MALWARE
1789099092,1,0.004102,439.0,140.0,7,6,731,392,353,1,0.0,0.0,0.0,0.0,1.0,encrypted_malware,ENCRYPTED_MALWARE
1789099096,1,0.004389,439.0,140.0,7,6,731,392,353,1,0.0,0.0,0.0,0.0,1.0,encrypted_malware,ENCRYPTED_MALWARE
1789099099,1,0.002931,439.0,140.0,7,6,731,392,353,1,0.0,0.0,0.0,0.0,1.0,encrypted_malware,ENCRYPTED_MALWARE
1789099100,1,0.004007,439.0,140.0,7,6,731,392,353,1,0.0,0.0,0.0,0.0,1.0,encrypted_malware,ENCRYPTED_MALWARE
1789099104,1,0.003455,439.0,140.0,7,6,731,392,353,1,0.0,0.0,0.0,0.0,1.0,encrypted_malware,ENCRYPTED_MALWARE
1789099106,1,0.004057,439.0,140.0,7,6,731,392,353,1,0.0,0.0,0.0,0.0,1.0,encrypted_malware,ENCRYPTED_MALWARE
1789099110,1,0.003152,439.0,140.0,7,6,731,392,353,1,0.0,0.0,0.0,0.0,1.0,encrypted_malware,ENCRYPTED_MALWARE
1789099113,1,0.003762,439.0,140.0,7,6,731,392,353,1,0.0,0.0,0.0,0.0,1.0,encrypted_malware,ENCRYPTED_MALWARE
1789099116,1,0.003751,439.0,140.0,7,6,731,392,353,1,0.0,0.0,0.0,0.0,1.0,encrypted_malware,ENCRYPTED_MALWARE
1789099121,1,0.003576,439.0,140.0,7,6,731,392,353,1,0.0,0.0,0.0,0.0,1.0,encrypted_malware,ENCRYPTED_MALWARE
1789099125,1,0.003732,439.0,140.0,7,6,731,392,353,1,0.0,0.0,0.0,0.0,1.0,encrypted_malware,ENCRYPTED_MALWARE
1789099126,1,0.004126,439.0,140.0,7,6,731,392,353,1,0.0,0.0,0.0,0.0,1.0,encrypted_malware,ENCRYPTED_MALWARE
1789099129,1,0.004141,439.0,140.0,7,6,731,392,353,1,0.0,0.0,0.0,0.0,1.0,encrypted_malware,ENCRYPTED_MALWARE
1789099132,1,0.004315,439.0,140.0,7,6,731,392,353,1,0.0,0.0,0.0,0.0,1.0,encrypted_malware,ENCRYPTED_MALWARE
1789099134,1,0.003573,439.0,140.0,7,6,731,392,353,1,0.0,0.0,0.0,0.0,1.0,encrypted_malware,ENCRYPTED_MALWARE
1789099139,1,0.003413,439.0,140.0,7,6,731,392,353,1,0.0,0.0,0.0,0.0,1.0,encrypted_malware,ENCRYPTED_MALWARE
1789099144,1,0.00354,439.0,140.0,7,6,731,392,353,1,0.0,0.0,0.0,0.0,1.0,encrypted_malware,ENCRYPTED_MALWARE
1789099148,1,0.003992,439.0,140.0,7,6,731,392,353,1,0.0,0.0,0.0,0.0,1.0,encrypted_malware,ENCRYPTED_MALWARE
1789099150,1,0.003335,439.0,140.0,7,6,731,392,353,1,0.0,0.0,0.0,0.0,1.0,encrypted_malware,ENCRYPTED_MALWARE
1789099152,1,0.0031,439.0,140.0,7,6,731,392,353,1,0.0,0.0,0.0,0.0,1.0,encrypted_malware,ENCRYPTED_MALWARE
1789099156,1,0.009255,439.0,140.0,7,6,731,392,353,1,0.0,0.0,0.0,0.0,1.0,encrypted_malware,ENCRYPTED_MALWARE
1789099157,1,0.003614,439.0,140.0,7,6,731,392,353,1,0.0,0.0,0.0,0.0,1.0,encrypted_malware,ENCRYPTED_MALWARE
1789099159,1,0.003943,439.0,140.0,7,6,731,392,353,1,0.0,0.0,0.0,0.0,1.0,encrypted_malware,ENCRYPTED_MALWARE
1789099161,1,0.003495,439.0,140.0,7,6,731,392,353,1,0.0,0.0,0.0,0.0,1.0,encrypted_malware,ENCRYPTED_MALWARE
1789099165,1,0.004263,439.0,140.0,7,6,731,392,353,1,0.0,0.0,0.0,0.0,1.0,encrypted_malware,ENCRYPTED_MALWARE
1789099168,1,0.003515,439.0,140.0,7,6,731,392,353,1,0.0,0.0,0.0,0.0,1.0,encrypted_malware,ENCRYPTED_MALWARE
1789099172,1,0.003393,439.0,140.0,7,6,731,392,353,1,0.0,0.0,0.0,0.0,1.0,encrypted_malware,ENCRYPTED_MALWARE
1789099176,1,0.003202,439.0,140.0,7,6,731,392,353,1,0.0,0.0,0.0,0.0,1.0,encrypted_malware,ENCRYPTED_MALWARE
1789099180,1,0.003586,439.0,140.0,7,6,731,392,353,1,0.0,0.0,0.0,0.0,1.0,encrypted_malware,ENCRYPTED_MALWARE
1789099183,1,0.003252,439.0,140.0,7,6,731,392,353,1,0.0,0.0,0.0,0.0,1.0,encrypted_malware,ENCRYPTED_MALWARE
1789099185,1,0.003168,439.0,140.0,7,6,731,392,353,1,0.0,0.0,0.0,0.0,1.0,encrypted_malware,ENCRYPTED_MALWARE
1789099186,1,0.004934,439.0,140.0,7,6,731,392,353,1,0.0,0.0,0.0,0.0,1.0,encrypted_malware,ENCRYPTED_MALWARE
1789099191,1,0.004074,439.0,140.0,7,6,731,392,353,1,0.0,0.0,0.0,0.0,1.0,encrypted_malware,ENCRYPTED_MALWARE
1789099194,1,0.003198,439.0,140.0,7,6,731,392,353,1,0.0,0.0,0.0,0.0,1.0,encrypted_malware,ENCRYPTED_MALWARE
1789099198,1,0.005459,439.0,140.0,7,6,731,392,353,1,0.0,0.0,0.0,0.0,1.0,encrypted_malware,ENCRYPTED_MALWARE
1789099202,1,0.007765,439.0,140.0,6,5,691,352,353,1,0.0,0.0,0.0,0.0,1.0,encrypted_malware,ENCRYPTED_MALWARE
1789099205,1,0.005167,439.0,140.0,7,6,731,392,353,1,0.0,0.0,0.0,0.0,1.0,encrypted_malware,ENCRYPTED_MALWARE
1789099208,1,0.006084,439.0,140.0,7,6,731,392,353,1,0.0,0.0,0.0,0.0,1.0,encrypted_malware,ENCRYPTED_MALWARE
1789099211,1,0.004864,439.0,140.0,7,6,731,392,353,1,0.0,0.0,0.0,0.0,1.0,encrypted_malware,ENCRYPTED_MALWARE
1789099213,1,0.002818,439.0,140.0,7,6,731,392,353,1,0.0,0.0,0.0,0.0,1.0,encrypted_malware,ENCRYPTED_MALWARE
1789099215,1,0.006443,439.0,140.0,7,6,731,392,353,1,0.0,0.0,0.0,0.0,1.0,encrypted_malware,ENCRYPTED_MALWARE
1789099217,1,0.004988,439.0,140.0,7,6,731,392,353,1,0.0,0.0,0.0,0.0,1.0,encrypted_malware,ENCRYPTED_MALWARE
1789099220,1,0.002678,439.0,140.0,7,6,731,392,353,1,0.0,0.0,0.0,0.0,1.0,encrypted_malware,ENCRYPTED_MALWARE
1789099222,1,0.003413,439.0,140.0,7,6,731,392,353,1,0.0,0.0,0.0,0.0,1.0,encrypted_malware,ENCRYPTED_MALWARE
1789099225,1,0.003355,439.0,140.0,7,6,731,392,353,1,0.0,0.0,0.0,0.0,1.0,encrypted_malware,ENCRYPTED_MALWARE
1789099229,1,0.003802,439.0,140.0,7,6,731,392,353,1,0.0,0.0,0.0,0.0,1.0,encrypted_malware,ENCRYPTED_MALWARE
1789099233,1,0.004138,439.0,140.0,7,6,731,392,353,1,0.0,0.0,0.0,0.0,1.0,encrypted_malware,ENCRYPTED_MALWARE
1789099237,1,0.00328,439.0,140.0,7,6,731,392,353,1,0.0,0.0,0.0,0.0,1.0,encrypted_malware,ENCRYPTED_MALWARE
1789099242,1,0.003314,439.0,140.0,7,6,731,392,353,1,0.0,0.0,0.0,0.0,1.0,encrypted_malware,ENCRYPTED_MALWARE
1789099244,1,0.003491,439.0,140.0,7,6,731,392,353,1,0.0,0.0,0.0,0.0,1.0,encrypted_malware,ENCRYPTED_MALWARE
1789099246,1,0.002975,439.0,140.0,7,6,731,392,353,1,0.0,0.0,0.0,0.0,1.0,encrypted_malware,ENCRYPTED_MALWARE
1789099250,1,0.003376,439.0,140.0,7,6,731,392,353,1,0.0,0.0,0.0,0.0,1.0,encrypted_malware,ENCRYPTED_MALWARE
1789099254,1,0.003446,439.0,140.0,7,6,731,392,353,1,0.0,0.0,0.0,0.0,1.0,encrypted_malware,ENCRYPTED_MALWARE
1789099257,1,0.003068,439.0,140.0,7,6,731,392,353,1,0.0,0.0,0.0,0.0,1.0,encrypted_malware,ENCRYPTED_MALWARE
1789099259,1,0.004287,439.0,140.0,7,6,731,392,353,1,0.0,0.0,0.0,0.0,1.0,encrypted_malware,ENCRYPTED_MALWARE
1789099262,1,0.003744,439.0,140.0,7,6,731,392,353,1,0.0,0.0,0.0,0.0,1.0,encrypted_malware,ENCRYPTED_MALWARE
1789099266,1,0.004309,439.0,140.0,6,5,691,352,353,1,0.0,0.0,0.0,0.0,1.0,encrypted_malware,ENCRYPTED_MALWARE
1789099271,1,0.004524,439.0,140.0,7,6,731,392,353,1,0.0,0.0,0.0,0.0,1.0,encrypted_malware,ENCRYPTED_MALWARE
1789099275,1,0.003446,439.0,140.0,7,6,731,392,353,1,0.0,0.0,0.0,0.0,1.0,encrypted_malware,ENCRYPTED_MALWARE
1789099277,1,0.003763,439.0,140.0,7,6,731,392,353,1,0.0,0.0,0.0,0.0,1.0,encrypted_malware,ENCRYPTED_MALWARE
1789099278,1,0.003138,439.0,140.0,7,6,731,392,353,1,0.0,0.0,0.0,0.0,1.0,encrypted_malware,ENCRYPTED_MALWARE
1789099280,1,0.003281,439.0,140.0,7,6,731,392,353,1,0.0,0.0,0.0,0.0,1.0,encrypted_malware,ENCRYPTED_MALWARE
1789099285,1,0.002947,439.0,140.0,7,6,731,392,353,1,0.0,0.0,0.0,0.0,1.0,encrypted_malware,ENCRYPTED_MALWARE
1789099288,1,0.003239,439.0,140.0,7,6,731,392,353,1,0.0,0.0,0.0,0.0,1.0,encrypted_malware,ENCRYPTED_MALWARE
1789099290,1,0.004398,439.0,140.0,7,6,731,392,353,1,0.0,0.0,0.0,0.0,1.0,encrypted_malware,ENCRYPTED_MALWARE
1789099293,1,0.0037,439.0,140.0,7,6,731,392,353,1,0.0,0.0,0.0,0.0,1.0,encrypted_malware,ENCRYPTED_MALWARE
1789099295,1,0.003274,439.0,140.0,7,6,731,392,353,1,0.0,0.0,0.0,0.0,1.0,encrypted_malware,ENCRYPTED_MALWARE
1789099299,1,0.004121,439.0,140.0,7,6,731,392,353,1,0.0,0.0,0.0,0.0,1.0,encrypted_malware,ENCRYPTED_MALWARE
1789099304,1,0.004275,439.0,140.0,6,5,691,352,353,1,0.0,0.0,0.0,0.0,1.0,encrypted_malware,ENCRYPTED_MALWARE
1789099306,1,0.003243,439.0,140.0,7,6,731,392,353,1,0.0,0.0,0.0,0.0,1.0,encrypted_malware,ENCRYPTED_MALWARE
1789099307,1,0.002974,439.0,140.0,7,6,731,392,353,1,0.0,0.0,0.0,0.0,1.0,encrypted_malware,ENCRYPTED_MALWARE
1789099311,1,0.005151,439.0,140.0,7,6,731,392,353,1,0.0,0.0,0.0,0.0,1.0,encrypted_malware,ENCRYPTED_MALWARE
1789099314,1,0.003365,439.0,140.0,7,6,731,392,353,1,0.0,0.0,0.0,0.0,1.0,encrypted_malware,ENCRYPTED_MALWARE
1789099316,1,0.003704,439.0,140.0,7,6,731,392,353,1,0.0,0.0,0.0,0.0,1.0,encrypted_malware,ENCRYPTED_MALWARE
1789099320,1,0.002771,439.0,140.0,7,6,731,392,353,1,0.0,0.0,0.0,0.0,1.0,encrypted_malware,ENCRYPTED_MALWARE
1789099323,1,0.003093,439.0,140.0,7,6,731,392,353,1,0.0,0.0,0.0,0.0,1.0,encrypted_malware,ENCRYPTED_MALWARE
1789099326,1,0.003001,439.0,140.0,7,6,731,392,353,1,0.0,0.0,0.0,0.0,1.0,encrypted_malware,ENCRYPTED_MALWARE
1789099331,1,0.00481,439.0,140.0,7,6,731,392,353,1,0.0,0.0,0.0,0.0,1.0,encrypted_malware,ENCRYPTED_MALWARE
1789102330,1,7.518043,704.0,140.0,11,10,1156,552,353,1,0.0,0.0,0.0,0.0,1.0,encrypted_malware_final,ENCRYPTED_MALWARE
1789102340,1,12.78019,1134.0,140.0,13,12,1666,632,353,1,0.0,0.0,0.0,0.0,1.0,encrypted_malware_final,ENCRYPTED_MALWARE
1789102355,1,6.867168,652.0,140.0,10,9,1064,512,353,1,0.0,0.0,0.0,0.0,1.0,encrypted_malware_final,ENCRYPTED_MALWARE
1789102366,1,11.338789,1256.0,140.0,13,12,1788,632,353,1,0.0,0.0,0.0,0.0,1.0,encrypted_malware_final,ENCRYPTED_MALWARE
1789102381,1,5.044548,769.0,140.0,10,9,1181,512,353,1,0.0,0.0,0.0,0.0,1.0,encrypted_malware_final,ENCRYPTED_MALWARE
1789102390,1,7.143641,780.0,140.0,10,9,1192,512,353,1,0.0,0.0,0.0,0.0,1.0,encrypted_malware_final,ENCRYPTED_MALWARE
1789102399,1,4.607624,735.0,140.0,10,9,1147,512,353,1,0.0,0.0,0.0,0.0,1.0,encrypted_malware_final,ENCRYPTED_MALWARE
1789102407,1,9.109936,1044.0,140.0,13,12,1576,632,353,1,0.0,0.0,0.0,0.0,1.0,encrypted_malware_final,ENCRYPTED_MALWARE
1789102418,1,5.094507,656.0,140.0,10,9,1068,512,353,1,0.0,0.0,0.0,0.0,1.0,encrypted_malware_final,ENCRYPTED_MALWARE
1789102428,1,5.40666,740.0,140.0,10,9,1152,512,353,1,0.0,0.0,0.0,0.0,1.0,encrypted_malware_final,ENCRYPTED_MALWARE
1789102436,1,6.422789,717.0,140.0,10,9,1129,512,353,1,0.0,0.0,0.0,0.0,1.0,encrypted_malware_final,ENCRYPTED_MALWARE
1789102444,1,8.611086,784.0,140.0,11,10,1236,552,353,1,0.0,0.0,0.0,0.0,1.0,encrypted_malware_final,ENCRYPTED_MALWARE
1789102455,1,8.690723,820.0,140.0,11,10,1272,552,353,1,0.0,0.0,0.0,0.0,1.0,encrypted_malware_final,ENCRYPTED_MALWARE
1789102467,1,8.453316,1114.0,140.0,12,11,1606,592,353,1,0.0,0.0,0.0,0.0,1.0,encrypted_malware_final,ENCRYPTED_MALWARE
1789102480,1,12.373692,916.0,140.0,12,11,1408,592,353,1,0.0,0.0,0.0,0.0,1.0,encrypted_malware_final,ENCRYPTED_MALWARE
1789102494,1,7.666667,990.0,140.0,12,11,1482,592,353,1,0.0,0.0,0.0,0.0,1.0,encrypted_malware_final,ENCRYPTED_MALWARE
1789102506,1,12.390018,996.0,140.0,12,11,1488,592,353,1,0.0,0.0,0.0,0.0,1.0,encrypted_malware_final,ENCRYPTED_MALWARE
1789102522,1,15.840085,1139.0,140.0,13,12,1671,632,353,1,0.0,0.0,0.0,0.0,1.0,encrypted_malware_final,ENCRYPTED_MALWARE
1789102541,1,11.484692,1089.0,140.0,12,11,1581,592,353,1,0.0,0.0,0.0,0.0,1.0,encrypted_malware_final,ENCRYPTED_MALWARE
1789102556,1,14.934739,1218.0,140.0,13,12,1750,632,353,1,0.0,0.0,0.0,0.0,1.0,encrypted_malware_final,ENCRYPTED_MALWARE
1789102575,1,9.888421,798.0,140.0,11,10,1250,552,353,1,0.0,0.0,0.0,0.0,1.0,encrypted_malware_final,ENCRYPTED_MALWARE
1789102589,1,3.933404,840.0,140.0,10,9,1252,512,353,1,0.0,0.0,0.0,0.0,1.0,encrypted_malware_final,ENCRYPTED_MALWARE
1789102598,1,7.80623,876.0,140.0,11,10,1328,552,353,1,0.0,0.0,0.0,0.0,1.0,encrypted_malware_final,ENCRYPTED_MALWARE
1789102608,1,8.024733,731.0,140.0,10,9,1143,512,353,1,0.0,0.0,0.0,0.0,1.0,encrypted_malware_final,ENCRYPTED_MALWARE
1789102620,1,6.799509,812.0,140.0,10,9,1224,512,353,1,0.0,0.0,0.0,0.0,1.0,encrypted_malware_final,ENCRYPTED_MALWARE
1789102631,1,9.980388,874.0,140.0,11,10,1326,552,353,1,0.0,0.0,0.0,0.0,1.0,encrypted_malware_final,ENCRYPTED_MALWARE
1789102644,1,12.606995,1244.0,140.0,13,12,1776,632,353,1,0.0,0.0,0.0,0.0,1.0,encrypted_malware_final,ENCRYPTED_MALWARE
1789102660,1,10.924523,885.0,140.0,11,10,1337,552,353,1,0.0,0.0,0.0,0.0,1.0,encrypted_malware_final,ENCRYPTED_MALWARE
1789102674,1,12.332348,1204.0,140.0,13,12,1736,632,353,1,0.0,0.0,0.0,0.0,1.0,encrypted_malware_final,ENCRYPTED_MALWARE
1789102691,1,3.028906,749.0,140.0,10,9,1161,512,353,1,0.0,0.0,0.0,0.0,1.0,encrypted_malware_final,ENCRYPTED_MALWARE
1789102697,1,9.857469,866.0,140.0,10,9,1278,512,353,1,0.0,0.0,0.0,0.0,1.0,encrypted_malware_final,ENCRYPTED_MALWARE
1789102710,1,15.371856,1227.0,140.0,13,12,1759,632,353,1,0.0,0.0,0.0,0.0,1.0,encrypted_malware_final,ENCRYPTED_MALWARE
1789102729,1,7.32677,839.0,140.0,11,10,1291,552,353,1,0.0,0.0,0.0,0.0,1.0,encrypted_malware_final,ENCRYPTED_MALWARE
1789102740,1,9.000347,928.0,140.0,11,10,1380,552,353,1,0.0,0.0,0.0,0.0,1.0,encrypted_malware_final,ENCRYPTED_MALWARE
1789102754,1,6.796885,766.0,140.0,10,9,1178,512,353,1,0.0,0.0,0.0,0.0,1.0,encrypted_malware_final,ENCRYPTED_MALWARE
1789102765,1,12.14523,744.0,140.0,11,10,1196,552,353,1,0.0,0.0,0.0,0.0,1.0,encrypted_malware_final,ENCRYPTED_MALWARE
1789102781,1,5.859024,648.0,140.0,10,9,1060,512,353,1,0.0,0.0,0.0,0.0,1.0,encrypted_malware_final,ENCRYPTED_MALWARE
1789102789,1,11.247994,1114.0,140.0,13,12,1646,632,353,1,0.0,0.0,0.0,0.0,1.0,encrypted_malware_final,ENCRYPTED_MALWARE
1789102805,1,7.785619,751.0,140.0,10,9,1163,512,353,1,0.0,0.0,0.0,0.0,1.0,encrypted_malware_final,ENCRYPTED_MALWARE
1789102818,1,7.121467,859.0,140.0,11,10,1311,552,353,1,0.0,0.0,0.0,0.0,1.0,encrypted_malware_final,ENCRYPTED_MALWARE
1789102826,1,8.558733,930.0,140.0,12,11,1422,592,353,1,0.0,0.0,0.0,0.0,1.0,encrypted_malware_final,ENCRYPTED_MALWARE
1789102838,1,10.122393,1017.0,140.0,12,11,1509,592,353,1,0.0,0.0,0.0,0.0,1.0,encrypted_malware_final,ENCRYPTED_MALWARE
1789102853,1,8.030887,789.0,140.0,10,9,1201,512,353,1,0.0,0.0,0.0,0.0,1.0,encrypted_malware_final,ENCRYPTED_MALWARE
1789102865,1,10.230115,793.0,140.0,11,10,1245,552,353,1,0.0,0.0,0.0,0.0,1.0,encrypted_malware_final,ENCRYPTED_MALWARE
1789102880,1,10.750648,918.0,140.0,11,10,1370,552,353,1,0.0,0.0,0.0,0.0,1.0,encrypted_malware_final,ENCRYPTED_MALWARE
1789102895,1,12.182719,955.0,140.0,12,11,1447,592,353,1,0.0,0.0,0.0,0.0,1.0,encrypted_malware_final,ENCRYPTED_MALWARE
1789102909,1,7.005585,901.0,140.0,11,10,1353,552,353,1,0.0,0.0,0.0,0.0,1.0,encrypted_malware_final,ENCRYPTED_MALWARE
1789102919,1,11.938072,1119.0,140.0,13,12,1651,632,353,1,0.0,0.0,0.0,0.0,1.0,encrypted_malware_final,ENCRYPTED_MALWARE
1789102935,1,8.365382,809.0,140.0,10,9,1221,512,353,1,0.0,0.0,0.0,0.0,1.0,encrypted_malware_final,ENCRYPTED_MALWARE
1789102947,1,11.284319,892.0,140.0,12,11,1384,592,353,1,0.0,0.0,0.0,0.0,1.0,encrypted_malware_final,ENCRYPTED_MALWARE
1789102960,1,17.778926,1148.0,140.0,13,12,1680,632,353,1,0.0,0.0,0.0,0.0,1.0,encrypted_malware_final,ENCRYPTED_MALWARE
1789102982,1,12.223529,1159.0,140.0,13,12,1691,632,353,1,0.0,0.0,0.0,0.0,1.0,encrypted_malware_final,ENCRYPTED_MALWARE
1789102999,1,9.636221,911.0,140.0,11,10,1363,552,353,1,0.0,0.0,0.0,0.0,1.0,encrypted_malware_final,ENCRYPTED_MALWARE
1789103012,1,8.917655,860.0,140.0,10,9,1272,512,353,1,0.0,0.0,0.0,0.0,1.0,encrypted_malware_final,ENCRYPTED_MALWARE
1789103024,1,8.110707,711.0,140.0,10,9,1123,512,353,1,0.0,0.0,0.0,0.0,1.0,encrypted_malware_final,ENCRYPTED_MALWARE
1789103034,1,7.098727,974.0,140.0,12,11,1466,592,353,1,0.0,0.0,0.0,0.0,1.0,encrypted_malware_final,ENCRYPTED_MALWARE
1789103045,1,8.517798,1006.0,140.0,11,10,1458,552,353,1,0.0,0.0,0.0,0.0,1.0,encrypted_malware_final,ENCRYPTED_MALWARE
1789103055,1,8.87085,835.0,140.0,11,10,1287,552,353,1,0.0,0.0,0.0,0.0,1.0,encrypted_malware_final,ENCRYPTED_MALWARE
1789103067,1,12.023039,948.0,140.0,13,12,1480,632,353,1,0.0,0.0,0.0,0.0,1.0,encrypted_malware_final,ENCRYPTED_MALWARE
1789103080,1,9.093006,1104.0,140.0,12,11,1596,592,353,1,0.0,0.0,0.0,0.0,1.0,encrypted_malware_final,ENCRYPTED_MALWARE
1789103092,1,10.63992,924.0,140.0,11,10,1376,552,353,1,0.0,0.0,0.0,0.0,1.0,encrypted_malware_final,ENCRYPTED_MALWARE
1789103106,1,6.221903,775.0,140.0,10,9,1187,512,353,1,0.0,0.0,0.0,0.0,1.0,encrypted_malware_final,ENCRYPTED_MALWARE
1789103118,1,6.622265,756.0,140.0,10,9,1168,512,353,1,0.0,0.0,0.0,0.0,1.0,encrypted_malware_final,ENCRYPTED_MALWARE
1789103128,1,16.526831,1044.0,140.0,13,12,1576,632,353,1,0.0,0.0,0.0,0.0,1.0,encrypted_malware_final,ENCRYPTED_MALWARE
1789103149,1,6.718154,675.0,140.0,10,9,1087,512,353,1,0.0,0.0,0.0,0.0,1.0,encrypted_malware_final,ENCRYPTED_MALWARE
1789103160,1,7.421363,693.0,140.0,10,9,1105,512,353,1,0.0,0.0,0.0,0.0,1.0,encrypted_malware_final,ENCRYPTED_MALWARE
1789103169,1,7.860318,823.0,140.0,10,9,1235,512,353,1,0.0,0.0,0.0,0.0,1.0,encrypted_malware_final,ENCRYPTED_MALWARE
1789103180,1,6.340686,738.0,140.0,10,9,1150,512,353,1,0.0,0.0,0.0,0.0,1.0,encrypted_malware_final,ENCRYPTED_MALWARE
1789103188,1,13.793164,916.0,140.0,12,11,1408,592,353,1,0.0,0.0,0.0,0.0,1.0,encrypted_malware_final,ENCRYPTED_MALWARE
1789103205,1,6.369895,754.0,140.0,10,9,1166,512,353,1,0.0,0.0,0.0,0.0,1.0,encrypted_malware_final,ENCRYPTED_MALWARE
1789103216,1,14.545576,905.0,140.0,13,12,1437,632,353,1,0.0,0.0,0.0,0.0,1.0,encrypted_malware_final,ENCRYPTED_MALWARE
1789103234,1,11.547779,1080.0,140.0,12,11,1572,592,353,1,0.0,0.0,0.0,0.0,1.0,encrypted_malware_final,ENCRYPTED_MALWARE
1789103250,1,10.218486,1026.0,140.0,13,12,1558,632,353,1,0.0,0.0,0.0,0.0,1.0,encrypted_malware_final,ENCRYPTED_MALWARE
1789103263,1,15.967647,1089.0,140.0,13,12,1621,632,353,1,0.0,0.0,0.0,0.0,1.0,encrypted_malware_final,ENCRYPTED_MALWARE
1789103281,1,7.875205,917.0,140.0,11,10,1369,552,353,1,0.0,0.0,0.0,0.0,1.0,encrypted_malware_final,ENCRYPTED_MALWARE
1789103291,1,14.325407,986.0,140.0,12,11,1478,592,353,1,0.0,0.0,0.0,0.0,1.0,encrypted_malware_final,ENCRYPTED_MALWARE
1789103307,1,12.452753,893.0,140.0,13,12,1425,632,353,1,0.0,0.0,0.0,0.0,1.0,encrypted_malware_final,ENCRYPTED_MALWARE
1789103321,1,11.031237,1209.0,140.0,13,12,1741,632,353,1,0.0,0.0,0.0,0.0,1.0,encrypted_malware_final,ENCRYPTED_MALWARE
1789103336,1,11.250075,950.0,140.0,12,11,1442,592,353,1,0.0,0.0,0.0,0.0,1.0,encrypted_malware_final,ENCRYPTED_MALWARE
1789103352,1,7.312348,795.0,140.0,10,9,1207,512,353,1,0.0,0.0,0.0,0.0,1.0,encrypted_malware_final,ENCRYPTED_MALWARE
1789103363,1,13.327462,893.0,140.0,12,11,1385,592,353,1,0.0,0.0,0.0,0.0,1.0,encrypted_malware_final,ENCRYPTED_MALWARE
1789103380,1,15.714808,972.0,140.0,12,11,1464,592,353,1,0.0,0.0,0.0,0.0,1.0,encrypted_malware_final,ENCRYPTED_MALWARE
1789103401,1,11.763921,929.0,140.0,12,11,1421,592,353,1,0.0,0.0,0.0,0.0,1.0,encrypted_malware_final,ENCRYPTED_MALWARE
1789103415,1,11.526342,932.0,140.0,12,11,1424,592,353,1,0.0,0.0,0.0,0.0,1.0,encrypted_malware_final,ENCRYPTED_MALWARE
1789103430,1,6.369996,727.0,140.0,10,9,1139,512,353,1,0.0,0.0,0.0,0.0,1.0,encrypted_malware_final,ENCRYPTED_MALWARE
1789103440,1,7.873655,753.0,140.0,10,9,1165,512,353,1,0.0,0.0,0.0,0.0,1.0,encrypted_malware_final,ENCRYPTED_MALWARE
1789103451,1,14.064023,968.0,140.0,13,12,1500,632,353,1,0.0,0.0,0.0,0.0,1.0,encrypted_malware_final,ENCRYPTED_MALWARE
1789103469,1,10.816172,1057.0,140.0,13,12,1589,632,353,1,0.0,0.0,0.0,0.0,1.0,encrypted_malware_final,ENCRYPTED_MALWARE
1789103481,1,13.405698,1069.0,140.0,13,12,1601,632,353,1,0.0,0.0,0.0,0.0,1.0,encrypted_malware_final,ENCRYPTED_MALWARE
1789103499,1,7.591213,772.0,140.0,10,9,1184,512,353,1,0.0,0.0,0.0,0.0,1.0,encrypted_malware_final,ENCRYPTED_MALWARE
1789103510,1,7.998683,801.0,140.0,10,9,1213,512,353,1,0.0,0.0,0.0,0.0,1.0,encrypted_malware_final,ENCRYPTED_MALWARE
1789103521,1,7.451816,924.0,140.0,11,10,1376,552,353,1,0.0,0.0,0.0,0.0,1.0,encrypted_malware_final,ENCRYPTED_MALWARE
1789103530,1,12.266436,1101.0,140.0,13,12,1633,632,353,1,0.0,0.0,0.0,0.0,1.0,encrypted_malware_final,ENCRYPTED_MALWARE
1789103547,1,14.887236,1109.0,140.0,13,12,1641,632,353,1,0.0,0.0,0.0,0.0,1.0,encrypted_malware_final,ENCRYPTED_MALWARE
1789103566,1,8.721006,938.0,140.0,12,11,1430,592,353,1,0.0,0.0,0.0,0.0,1.0,encrypted_malware_final,ENCRYPTED_MALWARE
1789103579,1,14.172105,1013.0,140.0,12,11,1505,592,353,1,0.0,0.0,0.0,0.0,1.0,encrypted_malware_final,ENCRYPTED_MALWARE
1789103596,1,13.38463,1279.0,140.0,13,12,1811,632,353,1,0.0,0.0,0.0,0.0,1.0,encrypted_malware_final,ENCRYPTED_MALWARE
1789103611,1,8.481072,939.0,140.0,12,11,1431,592,353,1,0.0,0.0,0.0,0.0,1.0,encrypted_malware_final,ENCRYPTED_MALWARE
1789103621,1,6.031298,736.0,140.0,11,10,1188,552,353,1,0.0,0.0,0.0,0.0,1.0,encrypted_malware_final,ENCRYPTED_MALWARE
1789103632,1,8.373553,841.0,140.0,11,10,1293,552,353,1,0.0,0.0,0.0,0.0,1.0,encrypted_malware_final,ENCRYPTED_MALWARE
1788675982,195,0.0002981846153846,0.0,0.0,198,119,8700,4772,0,195,0.9846153846153848,0.0001060102403778,0.0005996254733327,5.656297648185813,0.0153846153846153,port_scan,PORT_SCAN
1788675983,98,0.0008329693877551,0.0,0.0,98,98,4312,3920,0,98,1.0,0.0056440535279893,0.02906892157801,5.150362489273859,0.0,port_scan,PORT_SCAN
1788675984,41,0.000327975609756,0.0,0.0,41,41,1804,1640,0,41,1.0,0.0240161478519439,0.0675127095658888,2.811138155131907,0.0,port_scan,PORT_SCAN
1788675985,40,0.0003807749999999,0.0,0.0,40,40,1760,1600,0,40,1.0,0.024801125893226,0.0723270200775401,2.9162797039506554,0.0,port_scan,PORT_SCAN
1788675986,74,0.0002736486486486,0.0,0.0,74,74,3256,2960,0,74,1.0,0.013630014576324,0.0379304432501413,2.78286153237343,0.0,port_scan,PORT_SCAN
1788675987,66,0.0002911969696969,0.0,0.0,66,66,2904,2640,0,66,1.0,0.0153186761415921,0.0378743523865255,2.472429865116858,0.0,port_scan,PORT_SCAN
1788675988,58,0.0003468965517241,0.0,0.0,58,58,2552,2320,0,58,1.0,0.0174194720753452,0.0419895995830292,2.410497826880734,0.0,port_scan,PORT_SCAN
1788675989,160,0.00032358125,0.0,0.0,160,160,7040,6400,0,160,1.0,0.0062747916335579,0.0065826086799973,1.049056138341416,0.0,port_scan,PORT_SCAN
1788675990,179,0.0002801731843575,0.0,0.0,179,179,7876,7160,0,179,1.0,0.0055881912788648,0.0004494776640577,0.0804334786745334,0.0,port_scan,PORT_SCAN
1788675991,165,0.0002794727272727,0.0,0.0,165,165,7260,6600,0,165,1.0,0.0055725734408308,0.000441556783449,0.079237499180132,0.0,port_scan,PORT_SCAN
